"","Stock","PR"
"1","YI",0.0158892128279883
"2","PIH",0.173444192821813
"3","PIHPP Opt_Error",0
"4","TURN",0.27735778800234
"5","FLWS",0.382569826036927
"6","FCCY",0.110102153963706
"7","SRCE",0.249387166340113
"8","VNET",0.255227808342321
"9","TWOU",0.310172232227947
"10","TPNL",1.04528241188983
"11","JOBS",0.290774411229508
"12","EGHT",0.316015496836261
"13","AAON",0.239348435770838
"14","ABEO",0.56666124294087
"15","ABIL",0.722623852352982
"16","ABMD",0.351822335278288
"17","AXAS",0.535728754515351
"18","ACIU",0.387679249393422
"19","ACIA",0.529433009856139
"20","ACTG",0.289119530681589
"21","ACHC",0.255036424192053
"22","ACAD",0.704776718715257
"23","ACST",0.317565443918574
"24","AXDX",0.513589843763573
"25","XLRN",0.454471394601918
"26","ANCX",0.153037360154835
"27","ARAY",0.322597327597248
"28","ACRX",0.518019746997322
"29","ACER",0.705050364718195
"30","ACET",0.205105861125519
"31","AKAO",0.408565413007586
"32","ACHV",0.434988903730092
"33","ACHN",0.511275330625638
"34","ACIW",0.210864099112402
"35","ACRS",0.31995483554722
"36","ACMR",0.558821283755574
"37","ACNB",0.106584884684088
"38","ACOR",0.302968297819036
"39","ATVI",0.168781508366975
"40","ADMS",0.469593579190265
"41","ADMP",1.22123790537196
"42","ADAP",0.591638755285659
"43","ADUS",0.250835035170861
"44","AEY",0.273862333290298
"45","IOTS",0.474206850500696
"46","ADIL Opt_Error",0
"47","ADMA",0.369187409196252
"48","ADBE",0.199570563089438
"49","ADOM",0.810154340181114
"50","ADTN",0.209818081076494
"51","ADRO",0.383874709755363
"52","ADES",0.485376421627015
"53","AEIS",0.293378876489287
"54","AMD",0.416741084990787
"55","ADXS",0.808287135048955
"56","ADVM Opt_Error",0
"57","DWMC Opt_Error",0
"58","DWSH Opt_Error",0
"59","ACT",0.069646245101906
"60","AEGN",0.287693854531281
"61","AGLE",0.426166951537116
"62","AEHR",0.507874378614088
"63","AMTX",0.731873338620842
"64","AERI",0.447997129494778
"65","AVAV",0.231146347031082
"66","ARPO Opt_Error",0
"67","AEZS",0.502620139912149
"68","AEMD",0.429107755582957
"69","GNMX",0.388665602241415
"70","AFMD",0.768919913431629
"71","AGEN",0.57179169755717
"72","AGRX",0.49837763521198
"73","AGYS",0.346453784105088
"74","AGIO",0.581145326107263
"75","AGMH Opt_Error",0
"76","AGNC",0.122081909025691
"77","AGNCB",0.0524694451145643
"78","AGNCN Opt_Error",0
"79","AGFS",0.241609895708891
"80","ALRN",0.329015594232208
"81","AIMT",0.408222181704782
"82","AIRT",0.18187025914168
"83","ATSG",0.562187003544667
"84","AIRG",0.440246993366716
"85","AMCN",0.434787480491538
"86","AKAM",0.250197347615802
"87","AKTX",0.689491832850297
"88","AKCA Opt_Error",0
"89","AKBA",0.502971709918653
"90","AKER",0.521600756547006
"91","AKRX",0.357903514068251
"92","AKTS Opt_Error",0
"93","ALRM",0.248319455872759
"94","ALSK",0.225942878022627
"95","ALACU",0.00124501992031874
"96","ALBO",0.446985236557112
"97","ABDC",0.195636325307668
"98","ALDR",0.537089897282695
"99","ALDX",0.597553016845946
"100","ALXN",0.259320411835835
"101","ALCO",0.225795711921384
"102","ALGN",0.26902870763954
"103","ALIM",0.310437303220946
"104","ALYA Opt_Error",0
"105","ALJJ",0.459347669546266
"106","ALKS",0.361978800365853
"107","ALLK Opt_Error",0
"108","ABTX",0.188024981604869
"109","ALGT",0.306154979426547
"110","ALGR Opt_Error",0
"111","ALGRU",0.00983223412011206
"112","ALNA Opt_Error",0
"113","AMMA",0.55892112351794
"114","ARLP",0.246924853918962
"115","AHPI",0.251689050641558
"116","AMOT",0.317012365830654
"117","ALQA",0.429293835687601
"118","ALLO Opt_Error",0
"119","ALLT",0.259944652056321
"120","MDRX",0.234257323793991
"121","ALNY",0.467214978374912
"122","AOSL",0.186609598758584
"123","GOOG",0.17102497030518
"124","GOOGL",0.171699556419736
"125","SMCP",0.123908010654821
"126","ATEC",0.409720970438919
"127","ALPN",0.310248837672984
"128","AMR",0.137504385798834
"129","AABA",0.221191897942832
"130","ALTR Opt_Error",0
"131","ALT",404.273721607534
"132","ASPS",0.338336060128735
"133","AIMC",0.200407920932134
"134","AMAG",0.316735317668129
"135","AMAL Opt_Error",0
"136","AMRN",0.496914619610664
"137","AMRK",0.181570885184542
"138","AMZN",0.291766722818819
"139","AMBC",0.252121386880444
"140","AMBA",0.386263984287592
"141","AMCX",0.15510464054881
"142","DOX",0.119056701894101
"143","AMED",0.303915234093034
"144","UHAL",0.258605367996985
"145","AMRH",2.75586745509872
"146","ATAX",0.0996724210454663
"147","AMOV",0.212545159156863
"148","AAL",0.495035377376828
"149","AETI",0.330312412420208
"150","AFIN Opt_Error",0
"151","AMNB",0.166807690245744
"152","ANAT",0.156318214326644
"153","AOBC",0.360347291245183
"154","APEI",0.269339549074519
"155","ARII",0.427584880368206
"156","AMRB",0.14026659833525
"157","AMSWA",0.226033254326519
"158","AMSC",0.437185832780459
"159","AMWD",0.342041521637744
"160","CRMT",0.260660701495206
"161","ABCB",0.301146857301505
"162","AMSF",0.203982949014606
"163","ASRV",0.143420343607206
"164","ASRVP",0.106779947334053
"165","ATLO",0.200238036943328
"166","AMGN",0.186087768255601
"167","FOLD",0.488588782593214
"168","AMKR",0.33564342380813
"169","AMPH",0.207337548480752
"170","IBUY",0.114646085736865
"171","ASYS",0.44414737112724
"172","AFSI",0.274528706567349
"173","AMRS",0.489284201678762
"174","ADI",0.224772371744574
"175","ANAB",0.355916362284014
"176","AVXL Opt_Error",0
"177","ANCB Opt_Error",0
"178","ANGI",0.373703193531171
"179","ANGO",0.208074692836315
"180","ANIP",0.480935953769552
"181","ANIK",0.28552316028241
"182","ANIX Opt_Error",0
"183","ANSS",0.178545178807427
"184","ATRS",0.352366723353625
"185","APLS Opt_Error",0
"186","APOG",0.343459892515028
"187","APEN",0.501451601580154
"188","AINV",0.201357256933491
"189","AMEH",1.25191730257739
"190","APPF",0.279314504873681
"191","APPN",0.390134959859433
"192","AAPL",0.207426005647046
"193","ARCI",0.410190563205536
"194","APDN",0.696726791192824
"195","AGTC",0.557952663450462
"196","AMAT",0.171193501360783
"197","AAOI",0.500303882181163
"198","AREX",0.520667029895602
"199","APTI",0.278487104174322
"200","APRI",0.635766554932055
"201","APVO",0.615645654909652
"202","APTX Opt_Error",0
"203","APTO",0.4688886881079
"204","AQMS",0.57185022239842
"205","AQB Opt_Error",0
"206","AQST",0.125544299958196
"207","AQXP",1.12954061594596
"208","ARDM",0.532836910078699
"209","PETX",0.393880221000455
"210","ARAV Opt_Error",0
"211","ABUS",0.568859596312846
"212","ARCW Opt_Error",0
"213","ABIO",0.441945627783936
"214","RKDA",1.06879368816018
"215","ARCB",0.252424557603515
"216","ACGL",0.10608136613618
"217","ACGLO Opt_Error",0
"218","ACGLP",0.0586101186418072
"219","FUV",0.504448622593125
"220","ARCE",0.0151270680842727
"221","ARCT Opt_Error",0
"222","ARDX",0.481416993677097
"223","ARNA",0.531833735486444
"224","ARCC",0.239260763222344
"225","ARGX",0.412367423816286
"226","ARDS Opt_Error",0
"227","ARKR",0.144286113589586
"228","ARTX",0.387752411197386
"229","ARQL",0.393151198479262
"230","ARRY",0.384328590574937
"231","ARRS",0.275507754010504
"232","DWCR",0.0473376302090121
"233","DWAT",0.0665735254356462
"234","AROW",0.140214803329112
"235","ARWR",0.713257001268923
"236","ASNS Opt_Error",0
"237","ARTNA",0.12530022894053
"238","ARTW",0.305035217862154
"239","ARVN",0.0828950957231079
"240","ARYAU",0.00212835625409301
"241","ASNA",0.246197480564161
"242","ASND",0.260163238298054
"243","ASCMA",0.328497108176311
"244","APWC",0.2046390169796
"245","ASLN",0.130981912471925
"246","ASML",0.255414634295476
"247","ASPU",0.400266002947008
"248","AZPN",0.210576717741981
"249","ASMB",0.456920384347267
"250","ASRT",0.0334117527048307
"251","ASFI",0.197108152071841
"252","ASTE",0.253720584252217
"253","ATRO",0.381217268634831
"254","ALOT",0.165151990078921
"255","ASTC",0.51983295850032
"256","ASUR",0.321538489533115
"257","ASV",0.141152320230088
"258","ATAI",0.427797245160947
"259","ATRA",0.572651050690566
"260","ATHN",0.308350728245484
"261","ATNX",0.288128929692335
"262","ATHX",0.568518026551948
"263","AAME",0.226804228633407
"264","ACBI",0.152364765967266
"265","AY",0.238270584767876
"266","ATLC",0.400515200702642
"267","AAWW",0.310707501565842
"268","AFH",0.201944131427559
"269","TEAM",0.315730764577055
"270","ATNI",0.295335627406422
"271","ATOM Opt_Error",0
"272","ATOS",0.620362992900941
"273","ATRC",0.330077291559828
"274","ATRI",0.23339816407131
"275","ATIS",0.212597655661653
"276","ATTU",0.42750653304982
"277","LIFE",0.561248432419546
"278","AUBN",0.138173619692759
"279","BOLD",0.320313988161779
"280","AUDC",0.335880139395503
"281","AEYE Opt_Error",0
"282","AUPH",0.478396002674611
"283","EARS",0.647259208297788
"284","JG Opt_Error",0
"285","ADSK",0.293155212488847
"286","AUTL Opt_Error",0
"287","ADP",0.132375924253622
"288","AUTO",0.373809912622153
"289","AVDL",0.308994049665525
"290","AVCO Opt_Error",0
"291","ATXI",0.393204963075331
"292","AVEO",0.46707730339691
"293","AVNW",0.396043374712252
"294","CDMO",0.572620719795271
"295","CDMOP Opt_Error",0
"296","AVID",0.298178356720487
"297","AVGR",0.478313057226625
"298","CAR",0.563991982595993
"299","AHPA Opt_Error",0
"300","AVT",0.186442526685185
"301","AVRO Opt_Error",0
"302","AWRE",0.244746779987807
"303","ACLS",0.347200676346405
"304","AXGN",0.588423467636013
"305","AAXN",0.356708006643037
"306","AXNX Opt_Error",0
"307","AXSM",0.564097947782276
"308","AXTI",0.427724270908973
"309","AYTU",1.63165927164284
"310","AZRX",1.77611301998502
"311","BCOM",0.366151664497723
"312","RILY",0.308033486083679
"313","RILYG",0.0188340292877028
"314","RILYH Opt_Error",0
"315","RILYI",0.00200803212851408
"316","RILYL",0.0224588674648144
"317","RILYZ Opt_Error",0
"318","BOSC",0.368726838580263
"319","BIDU",0.310143163601896
"320","BCPC",0.220510207997912
"321","BLDP",0.552344170155692
"322","BANF",0.166612326971304
"323","BANFP",0.0939517774249198
"324","BCTF",0.0909697026622097
"325","BAND Opt_Error",0
"326","BFC Opt_Error",0
"327","BOCH",0.110554053144502
"328","BMRC",0.129309686578522
"329","BMLP",0.0903395506982058
"330","BKSC",0.129727982949989
"331","BOTJ Opt_Error",0
"332","OZK",0.189347265184924
"333","BSVN",0.0515986993632299
"334","BFIN",0.157017772354137
"335","BWFG",0.130055949939668
"336","BANR",0.299691533133113
"337","BZUN",0.554033131834083
"338","DFVL",0.0415306143646105
"339","DFVS",0.0782157887986057
"340","DLBS",0.166120020144428
"341","DTUL",0.0333812658185555
"342","DTUS",0.0714843706708582
"343","DTYL",0.0749377427908448
"344","DTYS",0.185078671621033
"345","FLAT",0.0522476138871042
"346","STPP",0.0782434125306181
"347","TAPR",0.317071544636046
"348","BBSI",0.258888700807797
"349","BSET",0.275756785139475
"350","BCML",0.0858890417018363
"351","BCBP",0.12272613831311
"352","BECN",0.230404910055237
"353","BBGI",0.487333724521224
"354","BBBY",0.171367587392374
"355","BGNE",0.486399478587776
"356","BELFA",0.281436705426189
"357","BELFB",0.307977061424355
"358","BLPH",0.674177487116575
"359","BLCM",0.508345799777919
"360","BNCL",0.135195569717975
"361","BNFT",0.325951794178729
"362","BNTC Opt_Error",0
"363","BRY Opt_Error",0
"364","BYSI",0.395040952402582
"365","BGCP",0.269424147792672
"366","BGFV",0.356703290612717
"367","BRPA",0.0126532573833046
"368","BRPAR",0.56025808128917
"369","BRPAU",0.0357794123662741
"370","BILI",0.213303999658526
"371","BASI",0.33063842048637
"372","ORPN",0.469674806293763
"373","BIOC",0.70415994919665
"374","BCRX",0.593659224852282
"375","BDSI",0.439666707978554
"376","BFRA Opt_Error",0
"377","BIIB",0.244310654221581
"378","BHTG Opt_Error",0
"379","BKYI",0.468200562546878
"380","BIOL",0.565812335378631
"381","BLFS",0.740818464979813
"382","BLRX",0.350580612412726
"383","BMRN",0.310368705589828
"384","BMRA",0.359509927787739
"385","BNGO",0.104486426880384
"386","BVXV Opt_Error",0
"387","BPTH",0.50438845720077
"388","BIOS",0.435214930938345
"389","BSGM Opt_Error",0
"390","BSTC",0.253802825753053
"391","TECH",0.149004406179463
"392","BEAT",0.335997835354552
"393","BTAI Opt_Error",0
"394","BCAC Opt_Error",0
"395","BJRI",0.277477717528982
"396","BBOX",0.31038032345223
"397","BRAC",0.0146526124298697
"398","BLKB",0.222558354253654
"399","BL",0.239539684673017
"400","BKCC",0.175103836964645
"401","TCPC",0.0747988036017973
"402","BLNK",0.688172089802059
"403","BLMN",0.214553218533502
"404","BCOR",0.250346032148083
"405","BLBD Opt_Error",0
"406","BHBK",0.129196226294974
"407","BLUE",0.48714130805309
"408","BKEP",0.135586914406411
"409","BKEPP",0.103282758645631
"410","BPMC",0.440591781115631
"411","ITEQ Opt_Error",0
"412","BMCH",0.184707813102613
"413","WIFI",0.230158590088533
"414","BOJA",0.178865004395339
"415","BOKF",0.170213807965925
"416","BOKFL",0.0540015325037126
"417","BNSO",0.348269687626615
"418","BKNG",0.245179352927738
"419","BRQS",0.182802607345548
"420","BOMN",0.338208073547898
"421","BPFH",0.272830133942432
"422","EPAY",0.238830305715379
"423","BOXL",0.758122500297446
"424","BCLI",0.565038558600433
"425","BVNSC",0
"426","BDGE",0.166446185809917
"427","BWB Opt_Error",0
"428","BRID",0.226831402883719
"429","BCOV",0.224023729598477
"430","BHF Opt_Error",0
"431","BHFAL",0.00421538827823208
"432","AVGO",0.178412949164172
"433","BVSN",0.223478912867691
"434","BYFC",0.248466934468937
"435","BWEN",0.488814508396363
"436","BPY",0.139860387161142
"437","BPR",0.00683627552786431
"438","BPRAP Opt_Error",0
"439","BRKL",0.171903861810695
"440","BRKS",0.293820566484858
"441","DOOO",0.0454480111706583
"442","BRKR",0.290542418303669
"443","BMTC",0.1655224681232
"444","BLMT",0.0783234963081969
"445","BSQR",0.41086964968949
"446","BLDR",0.480693558576131
"447","BFST Opt_Error",0
"448","CFFI",0.169868982963005
"449","CHRW",0.170824181939878
"450","CCMP",0.217273485872918
"451","CDNS",0.220696529102877
"452","CDZI",0.225767581861658
"453","CZR",0.357484539331448
"454","CSTE",0.236465046841817
"455","CLBS",0.597848489252698
"456","CHY",0.10936533185642
"457","CHI",0.106270710182619
"458","CCD Opt_Error",0
"459","CHW",0.13840805946338
"460","CGO",0.100472180042387
"461","CSQ",0.116971988474523
"462","CAMP",0.283370734018615
"463","CVGW",0.297366195733918
"464","CALA",0.850116181335384
"465","CALM",0.262873916821442
"466","CLMT",0.0504330395217804
"467","CRUSC Opt_Error",0
"468","CLXT Opt_Error",0
"469","ABCD",0.323521504790094
"470","CATC",0.0903277525605974
"471","CAC",0.189831419974992
"472","CAMT",0.414547337439033
"473","CSIQ",0.625008171064466
"474","CGIX",0.456930411172338
"475","CPHC",0.0787354831548314
"476","CBNK",0.000698812019566737
"477","CCBG",0.206007783455176
"478","CPLP",0.225348276127375
"479","CSWC",0.182417340533336
"480","CSWCL",0.0336085889033985
"481","CPTA",0.0934396485038789
"482","CPTAG Opt_Error",0
"483","CPTAL Opt_Error",0
"484","CFFN",0.0982133181330796
"485","CAPR",0.646157296859264
"486","CSTR",0.164829081537922
"487","CPST",0.453491128099914
"488","CARA",0.441838752732724
"489","CBLK Opt_Error",0
"490","CARB",0.262200391683651
"491","CSII",0.333149062729834
"492","CDLX Opt_Error",0
"493","CATM",0.31791991722422
"494","CDNA",0.406015116762374
"495","CECO",0.391924290986026
"496","CTRE",0.298679283281628
"497","CARG",0.303441739692124
"498","CARO",0.168520765424962
"499","CART Opt_Error",0
"500","CRZO",0.424579116098385
"501","TAST",0.297641639926182
"502","CARV",1.00112483660903
"503","CASM",0.256397548453631
"504","CASA Opt_Error",0
"505","CWST",0.268396797395207
"506","CASY",0.187826006983622
"507","CASI",0.586612284946673
"508","CASS",0.186704049606777
"509","CATB",0.596860405827589
"510","CBIO",0.447385736838351
"511","CPRX",0.534228199471909
"512","CATS",0.676472423315057
"513","CATY",0.246342187708184
"514","CVCO",0.287005726786766
"515","CBFV",0.114459328147555
"516","CBAK",0.536280034911908
"517","CBMB Opt_Error",0
"518","CBOE",0.139836697365276
"519","CBTX Opt_Error",0
"520","CDK",0.163113267165697
"521","CDTI",0.56065664548133
"522","CDW",0.179132277868897
"523","CECE",0.249971678071534
"524","CELC",0.323206379782266
"525","CELG",0.216252737413091
"526","CELGZ",0.372887531072947
"527","CLDX",0.563833978075756
"528","APOP Opt_Error",0
"529","CLRB",0.261549121751726
"530","CLLS",0.368406640402505
"531","CBMG",0.803375944755544
"532","CLSN",0.499065297214946
"533","CELH",0.749824821748553
"534","CYAD",0.380700031646647
"535","CETX",0.527656569855785
"536","CETXP",0.247844283196639
"537","CDEV Opt_Error",0
"538","CSFL",0.232051160850714
"539","CETV",0.52894196511279
"540","CFBK",0.325312677719288
"541","CENT",0.362045447406225
"542","CENTA",0.326198526005717
"543","CVCY",0.180536882956805
"544","CTRC Opt_Error",0
"545","CENX",0.647812232439814
"546","CNBKA",0.186656903354216
"547","CNTY",0.251531666645873
"548","CRNT",0.300129342946652
"549","CERC",0.839030578540922
"550","CERN",0.169057924151386
"551","CERS",0.41232676856983
"552","KOOL",0.414345924475188
"553","CEVA",0.31182963846408
"554","CSBR",0.718071168712421
"555","CYOU",0.292826764677474
"556","BURG",0.853644714049444
"557","CTHR",0.482156121008732
"558","GTLS",0.364846860293804
"559","CHTR",0.150483378043513
"560","CTAC Opt_Error",0
"561","CTACU",0
"562","CHKP",0.154488052791312
"563","CHEK",13.0805193961632
"564","CKPT",0.48299047461359
"565","CEMI Opt_Error",0
"566","CHFC",0.261095425330587
"567","CCXI",0.469587488686274
"568","CHMG",0.128557240120219
"569","CHKE",0.247755963799158
"570","CHFS",0.579873426264539
"571","CHMA",0.441426261244155
"572","CSSE Opt_Error",0
"573","CSSEP",0.0381502482816843
"574","PLCE",0.249712181762044
"575","CMRX",0.231222642041848
"576","CADC",0.496364975920995
"577","CAAS",0.406157811533005
"578","CBPO",0.375700731406745
"579","CCCL",0.31776851406472
"580","GLG Opt_Error",0
"581","CCRC",0.589693440110328
"582","JRJC",0.537205978902639
"583","HGSH",1.50643900137887
"584","CIFS",0.469330451841427
"585","CJJD Opt_Error",0
"586","CLDC",0.254006744818436
"587","CHNR",0.549393009225258
"588","CREG",0.72225153062952
"589","CNTF",0.452958128136989
"590","CXDC",0.392184160768563
"591","CCIH",0.475810798683265
"592","CNET",0.583021263556399
"593","IMOS",0.417898079311238
"594","CDXC",0.689115928584123
"595","CHSCL",0.0660342555121261
"596","CHSCM",0.079228730998094
"597","CHSCN",0.0665863731231846
"598","CHSCO",0.0517477422072389
"599","CHSCP",0.0438040061317389
"600","CHDN",0.235149726653598
"601","CHUY",0.308294664302386
"602","CDTX",0.363372554094668
"603","CMCT",0.146807057369162
"604","CMCTP",0
"605","CMPR",0.279537415404472
"606","CINF",0.125078714984671
"607","CIDM",0.422554413034377
"608","CTAS",0.130125775651087
"609","CRUS",0.32604765211841
"610","CSCO",0.193248293853981
"611","CTRN",0.284733707379645
"612","CTXR",0.40156061435795
"613","CZNC",0.230739201400787
"614","CZWI",0.0959399711415425
"615","CZFC",0.180246689339976
"616","CIZN",0.165426657785265
"617","CTXS",0.231658269802813
"618","CHCO",0.176890425330007
"619","CIVB",0.181196882626053
"620","CIVBP",0.169557469323862
"621","CLAR",0.228105960281296
"622","CLNE",0.33063803117156
"623","CACG",0.0691041778027349
"624","YLDE",0.0544378812316128
"625","LRGE",0.0655062452291369
"626","CLFD",0.414659512265867
"627","CLRO",0.0674541604791505
"628","CLSD",0.462487009851059
"629","CLIR",0.379603154020357
"630","CMTA Opt_Error",0
"631","CBLI",0.540006198651526
"632","CLVS",0.547813226963183
"633","CLPS",0.313847698740706
"634","CMFN",0.151732294617824
"635","CMSS Opt_Error",0
"636","CME",0.225591177057376
"637","CCNE",0.16187841999587
"638","CCB Opt_Error",0
"639","COKE",0.170922292394786
"640","COCP",0.70833886788685
"641","CODA Opt_Error",0
"642","CDXS",0.329700957879431
"643","CODX",0.555397969688267
"644","CVLY",0.171173466608556
"645","JVA",0.377272635656272
"646","CCOI",0.197931483111217
"647","CGNX",0.231984056363381
"648","CTSH",0.209041353629429
"649","CWBR Opt_Error",0
"650","COHR",0.261807459741494
"651","CHRS Opt_Error",0
"652","COHU",0.24445821175595
"653","CLCT",0.185420525526075
"654","COLL",0.579065873538353
"655","CIGI",0.231111970105305
"656","CLGN Opt_Error",0
"657","CBAN",0.219645019979069
"658","COLB",0.23300269236167
"659","CLBK Opt_Error",0
"660","COLM",0.204680092867957
"661","CMCO",0.30781812119624
"662","CMCSA",0.154335267420489
"663","CCNI",0.402579997530088
"664","CBSH",0.127489212838381
"665","CBSHP",0.0656637855850865
"666","CVGI",0.510122945339627
"667","COMM",0.236298110169133
"668","JCS",0.181906622655792
"669","ESXB",0.169493972984438
"670","CFBI",0.100555842050543
"671","CTBI",0.130688130980993
"672","CWBC",0.246243546932557
"673","CVLT",0.218749216795598
"674","CGEN",0.368936665367984
"675","CPSI",0.200843727414182
"676","CTG",0.201292848883699
"677","SCOR",0.27981088989875
"678","CHCI",0.635958583639423
"679","CMTL",0.232801245709383
"680","CNAT",0.717210188622942
"681","CNCE",0.463861449787405
"682","CDOR",0.332376889573351
"683","CFMS",0.473412043489869
"684","CNFR",0.233644567465103
"685","CNFRL",0
"686","CNMD",0.205989153523548
"687","CTWS",0.144565363053585
"688","CNOB",0.143959393840374
"689","CONN",0.453017899102181
"690","CNSL",0.189539110589093
"691","CWCO",0.26080942492881
"692","CNAC Opt_Error",0
"693","CNST Opt_Error",0
"694","ROAD Opt_Error",0
"695","CPSS",0.564532463288548
"696","CFRX",0.510637075378018
"697","CTRV",0.73357334642529
"698","CTRL",0.377221811923183
"699","CVON Opt_Error",0
"700","AWSM",0.314686243581945
"701","CPRT",0.200287725714375
"702","CRBP",0.638339758422722
"703","CORT",0.454278663013351
"704","CORE",0.25114007200772
"705","CORI",0.518316715872889
"706","CSOD",0.25057948176556
"707","CORV",0.384647046607944
"708","CRVL",0.186845016536135
"709","CRVS",0.338644379238816
"710","CSGP",0.189879729285063
"711","COST",0.124249238024934
"712","CPAH",0.355619232430623
"713","ICBK",0.149991398700161
"714","COUP",0.284972681519277
"715","CVTI",0.343009778531913
"716","COWN",0.445710680233684
"717","COWNL Opt_Error",0
"718","COWNZ",0.0290341617528573
"719","PMTS",0.340608259687774
"720","CPSH",0.275488043057678
"721","CRAI",0.206847980072
"722","CBRL",0.210202394344814
"723","BREW",0.301548597849492
"724","CRAY",0.316569101931177
"725","CACC",0.352092906173826
"726","DGLD",0.319737730816177
"727","DSLV",0.504795327812122
"728","GLDI",0.0559992822063089
"729","SLVO",0.116703329083972
"730","TVIX",0.646956643235423
"731","UGLD",0.280490407839645
"732","USLV",0.403474063630743
"733","USOI",0.107865806681761
"734","VIIX",0.302584933381315
"735","ZIV",0.16455780065796
"736","CREE",0.257575423549958
"737","CRESY",0.279553469426333
"738","CRNX Opt_Error",0
"739","CRSP",0.556905396132611
"740","CRTO",0.313677023854806
"741","CROX",0.254268650145114
"742","CRON",0.410879095918596
"743","CCRN",0.24997498125911
"744","CRWS",0.251776010746071
"745","CYRX",0.618573909663589
"746","CSGS",0.19902184868172
"747","CCLP",0.288444129817313
"748","CSPI",0.160276298103446
"749","CSWI",0.140530943405804
"750","CSX",0.183110959597967
"751","CTIC",0.696300789622764
"752","CTIB",0.295746752694021
"753","CTRP",0.300237453057643
"754","CUE",0.166300398085902
"755","CUI",0.443765943237442
"756","CPIX",0.154412718015778
"757","CMLS Opt_Error",0
"758","CRIS",0.461020479833324
"759","CUTR",0.211966144401491
"760","CVBF",0.251499767691154
"761","CVV",0.326922997139
"762","CYAN",0.345449526794525
"763","CYBR Opt_Error",0
"764","CYBE",0.301731667443255
"765","CYCC",0.541123851655066
"766","CYCCP",0.460931211339614
"767","CBAY",0.48112340150458
"768","CY",0.310354892760223
"769","CYRN",0.304360836934158
"770","CONE",0.198036618433777
"771","CYTK",0.484757524193349
"772","CTMX",0.366602621159486
"773","CYTX",0.597387825559959
"774","CTSO Opt_Error",0
"775","CYTR",0.574315964802161
"776","DJCO",0.244184240092228
"777","DAKT",0.263175132439189
"778","DARE",0.666350034828719
"779","DRIO",0.402470673588222
"780","DZSI",0.46625989448514
"781","DSKE",0.106625123354751
"782","DAIO",0.302470117304918
"783","DWCH",0.37371389332901
"784","PLAY",0.224945798642844
"785","DTEA Opt_Error",0
"786","DFNL",0.0647676350320779
"787","DINT Opt_Error",0
"788","DUSA",0.0708330683740847
"789","DWLD",0.0860376556365196
"790","DWSN",0.370634633708575
"791","DBVT",0.319025055763619
"792","DDMXU Opt_Error",0
"793","DCPH",0.44856820691842
"794","DFRG",0.187905749983516
"795","TACO",0.214011671702228
"796","DMPI",0.630460327665827
"797","DELT",0.631436201375916
"798","DNLI",0.2685136130468
"799","DENN",0.221913752661744
"800","XRAY",0.139618487275672
"801","DERM",0.323243861748691
"802","DEST",0.508779288799398
"803","DXLG",0.327070243391626
"804","DSWL",0.224215460468514
"805","DTRM",0.354559853245559
"806","DXCM",0.355273432442494
"807","DFBH",0.00871213079656499
"808","DFBHU Opt_Error",0
"809","DHXM Opt_Error",0
"810","DHIL",0.221632496497034
"811","FANG",0.272489522133378
"812","DCIX",0.370658151165011
"813","DRNA",0.59986650706512
"814","DFFN",1.014152166169
"815","DGII",0.270094645304382
"816","DMRC Opt_Error",0
"817","DRAD",0.332675619240926
"818","DGLY",0.69968553682494
"819","APPS",0.503385331346873
"820","DCOM",0.191563931587209
"821","DIOD",0.244743260939063
"822","DISCA",0.198905431525116
"823","DISCB",0.235318747412542
"824","DISCK",0.176268811864024
"825","DISH",0.209310571741624
"826","DVCR Opt_Error",0
"827","SAUC",4.5446577013393
"828","DLHC Opt_Error",0
"829","BOOM",0.369946278124828
"830","DNBF",0.15873569839315
"831","DOCU",0.152906930418285
"832","DOGZ",0.260731728823446
"833","DLTR",0.110882046464232
"834","DLPN",1.19194461931541
"835","DOMO Opt_Error",0
"836","DGICA",0.122199774780628
"837","DGICB",0.207845904159673
"838","DMLP",0.213954695230027
"839","DORM",0.285248240696961
"840","DOVA",0.384567118937642
"841","LYL Opt_Error",0
"842","DOTA",0.0135818476454106
"843","DBX",0.203630332119914
"844","DCAR",0.376947474487639
"845","DRYS",0.610556840112029
"846","DSPG",0.196403307419823
"847","DLTH",0.324630054931297
"848","DNKN",0.145220671513397
"849","DRRX",0.464875604569717
"850","DXPE",0.296280162040786
"851","DYSL",0.296302330377746
"852","DYNT",0.260526978400504
"853","DVAX",0.542812742563921
"854","ETFC",0.348285899269853
"855","SSP",0.281478859862675
"856","EBMT",0.0993030524866985
"857","EGBN",0.197568329056103
"858","EGLE",0.601272120655329
"859","EFBI Opt_Error",0
"860","EGRX",0.430347498138259
"861","EWBC",0.268057334976809
"862","EML",0.216157258451386
"863","EAST",0.740394926224591
"864","EVGBC",0.0797813334281456
"865","EVSTC",0.0722827146091319
"866","EVFTC Opt_Error",0
"867","EVLMC",0.0721923470406051
"868","OKDCC",0.200493833571449
"869","EBAY",0.20499758228056
"870","EBAYL",0.057212554970708
"871","EBIX",0.322808495968554
"872","ECHO",0.209383693414907
"873","SATS",0.19944217034789
"874","EEI",0.184912939800772
"875","ESES",0.37425649906692
"876","EDAP",0.434431725038326
"877","EDGE",0.276796302540555
"878","EDNT Opt_Error",0
"879","EDIT",0.653806231420999
"880","EDTX",0.000779625779625809
"881","EDTXU",0
"882","EDUC",0.226129747728188
"883","EGAN",0.450112694108029
"884","EHTH",0.286715106835724
"885","EIDX",0.190299208919818
"886","EIGR",0.500707081448718
"887","EKSO",0.720996944830184
"888","LOCO",0.250661559595163
"889","EMITF",0.305724259703968
"890","ESLT",0.196746573122105
"891","ERI Opt_Error",0
"892","SOLO Opt_Error",0
"893","ESIO",0.282302475028758
"894","ECOR Opt_Error",0
"895","EA",0.258895572114892
"896","EFII",0.232568256563267
"897","ELSE",0.175182113491638
"898","ESBK Opt_Error",0
"899","ELOX",0.572510979673977
"900","ELTK",0.310222322713567
"901","EMCI",0.190573264653634
"902","EMCF",0.123607644727028
"903","EMKR",0.413713893129772
"904","EMMS",0.467123394370509
"905","NYNY",0.561560717078494
"906","ENTA",0.377641128764308
"907","ECPG",0.312959045128413
"908","WIRE",0.206186256009156
"909","ENDP",0.206678378489314
"910","ECYT",0.535246292897452
"911","ELGX",0.282610513701322
"912","NDRA",0.44009393056002
"913","EIGI",0.325875172964957
"914","WATT",0.612184768123355
"915","EFOI Opt_Error",0
"916","ERII",0.342654103236121
"917","ENG",0.466893189821241
"918","ENPH",0.704884045190064
"919","ESGR",0.164791305892686
"920","ESGRP Opt_Error",0
"921","ETTX",0.0415951972555746
"922","ENFC",0.0962582076233879
"923","ENTG",0.363354601771202
"924","ENTX Opt_Error",0
"925","EBTC",0.209006601285154
"926","EFSC",0.219811931763668
"927","EPZM",0.596570022715531
"928","PLUS",0.218737527240522
"929","EQ Opt_Error",0
"930","EQIX",0.212389793405861
"931","EQBK",0.217381927375116
"932","ERIC",0.20381005769646
"933","ERIE",0.10847140821439
"934","ERYP Opt_Error",0
"935","ESCA",0.256101912166566
"936","ESPR",0.452893500520373
"937","ESQ",0.137579615663526
"938","ESSA",0.0990909423422246
"939","EPIX Opt_Error",0
"940","ESND",0.243235534175187
"941","ESTA Opt_Error",0
"942","ESTR",0.026964952202284
"943","VBND",0.0208511781257713
"944","VUSE",0.101044803117986
"945","VIDI",0.0777745174390755
"946","ETON Opt_Error",0
"947","ETSY",0.350270206315804
"948","CLWT",0.55825772555971
"949","EDRY Opt_Error",0
"950","EEFT",0.228533969085222
"951","ESEA",0.258164913817493
"952","EVLO",0.10019450155838
"953","EVBG",0.294009249345027
"954","EVK",0.372973194048477
"955","EVER Opt_Error",0
"956","MRAM",0.423102540088201
"957","EVLV",0.582000321845351
"958","EVOP Opt_Error",0
"959","EVFM",0.556114054457938
"960","EVGN",0.232935032505051
"961","EVOK",0.434244784483868
"962","EOLS",0.471864188885737
"963","EVOL",0.196101775186458
"964","EXAS",0.528058411004198
"965","FLAG",0.0833340163394764
"966","ROBO",0.116318252515728
"967","XELA Opt_Error",0
"968","EXEL",0.48268911919933
"969","EXFO",0.254216354588324
"970","EXLS",0.225084208881706
"971","EXPI Opt_Error",0
"972","EXPE",0.292235199243648
"973","EXPD",0.198511080751612
"974","EXPO",0.194842665657877
"975","ESRX",0.156506120409024
"976","STAY",0.151258054470986
"977","XOG",0.206131394942154
"978","EXTR",0.269092479093039
"979","EYEG",0.813650189280913
"980","EYEN Opt_Error",0
"981","EYPT",0.482905231756625
"982","EZPW",0.254004285604073
"983","FFIV",0.210244875322257
"984","FB",0.225496768965196
"985","FLMN Opt_Error",0
"986","DAVE",0.284940108827804
"987","FANH",0.379113538083355
"988","FARM",0.264501448242266
"989","FMAO",0.160382996312251
"990","FMNB",0.181106684679183
"991","FAMI Opt_Error",0
"992","FARO",0.330575828337243
"993","FAST",0.215344274641078
"994","FAT",0.214256023816106
"995","FATE",0.647030735149505
"996","FBSS",0.134790380819991
"997","FSAC",0.0243189174483578
"998","FNHC",0.276197182511655
"999","FENC",0.184583384999667
"1000","GSM",0.208041638392205
"1001","FFBW",0.04547985333037
"1002","FCSC",0.554543119266702
"1003","FGEN",0.394075186260061
"1004","FDBC",0.0988423047403342
"1005","ONEQ",0.114531894439998
"1006","LION",0.291499113623358
"1007","FDUS",0.147576649535185
"1008","FRGI",0.247955634984656
"1009","FITB",0.207556154738051
"1010","FITBI",0.0730690816489185
"1011","FISI",0.192924533050109
"1012","FNSR",0.444845509177439
"1013","FNJN",0.454192073318266
"1014","FEYE",0.302924229441324
"1015","FBNC",0.262626874567083
"1016","FNLC",0.158529633979821
"1017","FRBA",0.191635414183314
"1018","BUSE",0.218654856605124
"1019","FBIZ",0.208337113907689
"1020","FCAP Opt_Error",0
"1021","FCBP",0.121747808671522
"1022","FCNCA",0.192554180959036
"1023","FCBC",0.27601998188968
"1024","FCCO",0.159512514765122
"1025","FDEF",0.212000839987296
"1026","FFBC",0.242432277267191
"1027","FFIN",0.169446267456471
"1028","THFF",0.230673521425589
"1029","FFNW",0.158202451584386
"1030","FFWM",0.128029267577606
"1031","FGBI",0.173029912756449
"1032","FHB Opt_Error",0
"1033","INBK",0.267221770284425
"1034","INBKL",0.0375909519547942
"1035","FIBK",0.120213175456123
"1036","FRME",0.23545593102608
"1037","FMBH",0.157616874839313
"1038","FMBI",0.200169952885121
"1039","FNWB",0.106679095087635
"1040","FSFG Opt_Error",0
"1041","FSLR",0.409615243061701
"1042","FAAR",0.0409288402048817
"1043","FPA",0.120088656592866
"1044","BICK",0.139821934743892
"1045","FBZ",0.154933090493609
"1046","FTHI",0.0835306101652653
"1047","FCAL",0.024272553451995
"1048","FCAN",0.104471452681379
"1049","FTCS",0.120860228247576
"1050","FCEF",0.0399981919155371
"1051","FCA",0.133746942266488
"1052","SKYY",0.0836589415490065
"1053","RNDM",0.0536394877721808
"1054","FDT",0.0859362345268399
"1055","FDTS",0.0927703957004774
"1056","FVC Opt_Error",0
"1057","FV",0.0861519650112182
"1058","IFV Opt_Error",0
"1059","DDIV",0.00870814012852978
"1060","DVOL Opt_Error",0
"1061","DVLU",0.0151599568874259
"1062","DWPP",0.0472442836162064
"1063","DALI",0.0441465969587208
"1064","FDNI Opt_Error",0
"1065","FEM",0.109734079602145
"1066","RNEM",0.089131050662587
"1067","FEMB",0.0489415333002487
"1068","FEMS",0.0895487270593437
"1069","FTSM Opt_Error",0
"1070","FEP",0.123274286881031
"1071","FEUZ",0.114413603611317
"1072","FGM",0.0794999020303455
"1073","FTGC",0.0578401590963924
"1074","FTLB",0.070081888501085
"1075","HYLS",0.034080895856256
"1076","FHK",0.0913360829147661
"1077","NFTY",0.071385491853227
"1078","FTAG",0.25820354059937
"1079","FTRI",0.166115084510588
"1080","LEGR Opt_Error",0
"1081","FPXI",0.103297141262048
"1082","FPXE Opt_Error",0
"1083","FJP",0.097557402699334
"1084","FEX",0.0746681617278603
"1085","FTC",0.0812402955246069
"1086","RNLC",0.0464418230521959
"1087","FTA",0.113474836555113
"1088","FLN",0.151136993338841
"1089","LMBS",0.0151298405937562
"1090","FMB",0.0165481954560039
"1091","FMK",0.0798758693160378
"1092","FNX",0.117051080395184
"1093","FNY",0.100026114133885
"1094","RNMC",0.0620110286127824
"1095","FNK",0.0766102873769139
"1096","FAD",0.0864094256972641
"1097","FAB",0.122789236567147
"1098","MDIV",0.0433337067953134
"1099","MCEF",0.0335619083107046
"1100","FMHI",0.015077361403957
"1101","QABA",0.141529096829967
"1102","ROBT Opt_Error",0
"1103","FTXO",0.138610576198993
"1104","QCLN",0.17756316202954
"1105","GRID",0.112429372030792
"1106","CIBR",0.116952607319057
"1107","FTXG",0.0766742672478851
"1108","CARZ",0.127537656456402
"1109","FTXN",0.110780852784322
"1110","FTXH",0.0915112937260293
"1111","FTXD",0.0936432054545049
"1112","FTXL",0.134571842000775
"1113","FONE",0.109243246278116
"1114","TDIV",0.0991991504889626
"1115","FTXR",0.079149365253609
"1116","QQEW",0.114468894516592
"1117","QQXT",0.110544230253307
"1118","QTEC",0.119702396966302
"1119","AIRR",0.153804385822972
"1120","RDVY",0.10015609846098
"1121","RFAP",0.080352044767749
"1122","RFDI",0.0811676787636217
"1123","RFEM",0.101400997654726
"1124","RFEU",0.0824173460064037
"1125","FID Opt_Error",0
"1126","FTSL",0.011867440181977
"1127","FYX",0.142202641624166
"1128","FYC",0.109027341940671
"1129","RNSC",0.0625744727147839
"1130","FYT",0.0950346916851157
"1131","SDVY",0.0817766133970939
"1132","FKO",0.136706456926162
"1133","FCVT",0.0858653029191903
"1134","FDIV",0.0424540194979562
"1135","FSZ",0.0681798847688157
"1136","FIXD",0.018984368503352
"1137","TUSA",0.100379692130653
"1138","FKU",0.117277179644009
"1139","RNDV",0.0764338339696936
"1140","FUNC Opt_Error",0
"1141","FUSB Opt_Error",0
"1142","MYFW Opt_Error",0
"1143","FCFS",0.196837811307824
"1144","SVVC",0.172327668115712
"1145","FSV",0.204564613056697
"1146","FISV",0.12718974892711
"1147","FIVE",0.237170133780961
"1148","FPRX",0.427962100699832
"1149","FVE",0.220086232548346
"1150","FIVN",0.391311160720238
"1151","FLEX",0.183437959678007
"1152","FLKS",0.521407854510481
"1153","FLXN",0.404366126846968
"1154","SKOR",0.0191961801478396
"1155","LKOR Opt_Error",0
"1156","MBSD Opt_Error",0
"1157","ASET",0.0550194318794508
"1158","ESGG",0.0589993565809352
"1159","ESG",0.0866524529483849
"1160","QLC Opt_Error",0
"1161","FPAY",0.478850844818029
"1162","FLXS",0.222866136615279
"1163","FLIR",0.236352599500441
"1164","FLNT",0.253186142844524
"1165","FLDM",0.3269467731974
"1166","FFIC",0.208394805856343
"1167","FNCB",0.22763047617436
"1168","FOMX",0.352498135948128
"1169","FOCS",0.0546256974630321
"1170","FONR",0.518526635004727
"1171","FSCT",0.322486204953181
"1172","FRSX",0.458535529446525
"1173","FORM",0.190114244440699
"1174","FORTY",0.233736961933978
"1175","FORR",0.164346243501241
"1176","FRTA",0.497251658447551
"1177","FTNT",0.195412502568334
"1178","FBIO",0.307627826184425
"1179","FBIOP Opt_Error",0
"1180","FTSV Opt_Error",0
"1181","FMCI",0.00299805126667668
"1182","FMCIU Opt_Error",0
"1183","FWRD",0.236956737389832
"1184","FORD",0.336475845935761
"1185","FWP",0.3462133515253
"1186","FOSL",0.303179268087203
"1187","FOXF",0.215085298602318
"1188","FRAN",0.273807572147747
"1189","FELE",0.235122766203957
"1190","FRED",0.252112737914457
"1191","RAIL",0.3040557190203
"1192","FEIM",0.221619225352667
"1193","FRPT",0.316653648315895
"1194","FTDR Opt_Error",0
"1195","FTEO",0.0626369422346419
"1196","FTR",0.260385294005514
"1197","FRPH",0.216259963269547
"1198","FSBW",0.103444793171691
"1199","FSBC",0.211481304896298
"1200","FTD",0.177671749272947
"1201","FTEK",0.315740825941955
"1202","FCEL",0.377486565225045
"1203","FLGT",0.407661613542068
"1204","FORK",0.412404807414206
"1205","FLL",0.286766313704447
"1206","FULT",0.201381527659974
"1207","FNKO",0.319314866049474
"1208","FSNN",0.709081726389697
"1209","FTFT Opt_Error",0
"1210","FFHL",0.650911158753733
"1211","FVCB Opt_Error",0
"1212","WILC",0.097499638406147
"1213","GTHX",0.302008759621127
"1214","FOANC",0.000625309105949602
"1215","MOGLC Opt_Error",0
"1216","PETZC Opt_Error",0
"1217","GAIA",0.285400192106457
"1218","GLPG",0.208907854076077
"1219","GALT",0.899280173279141
"1220","GLMD",0.651036501170617
"1221","GMDA",0
"1222","GLPI",0.124039031113435
"1223","GPIC",0.203751693402361
"1224","GRMN",0.242923323340261
"1225","GARS",0.0985698513258767
"1226","GLIBA Opt_Error",0
"1227","GLIBP Opt_Error",0
"1228","GDS",0.46495768158251
"1229","GEMP",0.560153383115694
"1230","GENC",0.172209535650638
"1231","GFN",0.233943399082107
"1232","GFNCP",0.0731072540011512
"1233","GENE",0.664734387312129
"1234","GNUS",4.53688236898101
"1235","GNMK",0.350025993303084
"1236","GNCA",0.498175439108231
"1237","GHDX",0.267591634211244
"1238","GNPX Opt_Error",0
"1239","GNTX",0.21049846910497
"1240","THRM",0.340852686279739
"1241","GEOS",0.355166050354474
"1242","GABC",0.162695770089736
"1243","GERN",0.529252773216566
"1244","GEVO",0.497057955559393
"1245","ROCK",0.370823850991647
"1246","GIGM",0.201867311635111
"1247","GIII",0.400615818089799
"1248","GILT",0.223632298756381
"1249","GILD",0.205569337407369
"1250","GBCI",0.24535992644021
"1251","GLAD",0.215904642734843
"1252","GLADD Opt_Error",0
"1253","GLADN",0.0455792965924031
"1254","GOOD",0.211206169248512
"1255","GOODM",0.0332756926075863
"1256","GOODO",0.0911780578792665
"1257","GOODP",0.113779626516765
"1258","GAIN",0.178850945128111
"1259","GAINL Opt_Error",0
"1260","GAINM",0.028123354129819
"1261","LAND",0.155556581175923
"1262","LANDP Opt_Error",0
"1263","GLBZ",0.0862823219247051
"1264","GBT Opt_Error",0
"1265","ENT",0.308331899839989
"1266","GBLI",0.23580972438217
"1267","GBLIZ",0.0498302716051262
"1268","SELF Opt_Error",0
"1269","GWRS",0.140857614846049
"1270","DRIV Opt_Error",0
"1271","KRMA",0.0624716077945351
"1272","FINX",0.112802789520368
"1273","AIQ",0.0521699004248113
"1274","BFIT",0.091197990326225
"1275","SNSR",0.106190017091809
"1276","LNGR Opt_Error",0
"1277","MILN",0.100997517835265
"1278","EFAS",0.0825929708102468
"1279","QQQC",0.156423922441235
"1280","BOTZ",0.118928885047599
"1281","CATH",0.0589183646861171
"1282","SOCL",0.135452795908504
"1283","ALTY",0.0634043775060115
"1284","SRET",0.0884372298165924
"1285","YLCO",0.120043886803203
"1286","GLBS",0.736957803172709
"1287","GLUU",0.584393887705887
"1288","GLYC",0.494497605871029
"1289","GOGO",0.370966767754408
"1290","GLNG",0.296297053700602
"1291","GMLP",0.218113920976159
"1292","GMLPP Opt_Error",0
"1293","DNJR Opt_Error",0
"1294","GDEN",0.309492260536858
"1295","GOGL",0.388335925639451
"1296","GBDC",0.0728512797252542
"1297","GTIM",0.536111701624974
"1298","GSHD",0.176173684744982
"1299","GPRO",0.352029167466009
"1300","GPAQ Opt_Error",0
"1301","GPAQU Opt_Error",0
"1302","GRSH Opt_Error",0
"1303","GRSHU",0.0023092259659615
"1304","GOV",0.0419801931143885
"1305","GOVNI",0.0551088148068511
"1306","LOPE",0.228108422109815
"1307","GRVY",0.436935326477658
"1308","GECC",0.0816392682280728
"1309","GEC",0.351597813979748
"1310","GLDD",0.260223517891906
"1311","GSBC",0.235587534803054
"1312","GNBC",0.253810063323967
"1313","GRBK",0.631244635161191
"1314","GPP Opt_Error",0
"1315","GPRE",0.456450351411099
"1316","GCBC",0.158833150740667
"1317","GLAC Opt_Error",0
"1318","GLACU",0.00649673557212622
"1319","GLRE",0.12378429997812
"1320","GRNQ Opt_Error",0
"1321","GSKY Opt_Error",0
"1322","GSUM",0.320275388320208
"1323","GRIF",0.268908183530234
"1324","GRFS",0.171513487378796
"1325","GRIN",0.0976702656598008
"1326","GRTS",0.0575819672131148
"1327","GRPN",0.38082512043247
"1328","OMAB",0.186122555534307
"1329","GGAL",0.316323625705888
"1330","GVP",0.220976005812988
"1331","GSIT",0.275789664234701
"1332","GSVC",0.304078242333742
"1333","GTXI",0.505454214608245
"1334","GTYH Opt_Error",0
"1335","GTYHU",0.0547654499153552
"1336","GBNK",0.238210213721663
"1337","GNTY",0.1597552050441
"1338","GFED",0.171019608576147
"1339","GH",0.111735248860712
"1340","GIFI",0.246905288305991
"1341","GURE",0.501352621562565
"1342","GPOR",0.357212295905804
"1343","GWPH",0.503489941227524
"1344","GWGH",0.298752005151319
"1345","GYRO Opt_Error",0
"1346","HEES",0.348097874695674
"1347","HLG Opt_Error",0
"1348","HNRG",0.29082245225453
"1349","HALL",0.188731992589841
"1350","HALO",0.399060962552761
"1351","HBK Opt_Error",0
"1352","HLNE",0.161382417290266
"1353","HJLI",0.221000798015055
"1354","HWC Opt_Error",0
"1355","HWCPL",0.0338611798697697
"1356","HAFC",0.255942221499988
"1357","HQCL",0.785211198524067
"1358","HONE",0.125356566833462
"1359","HLIT",0.288226087014317
"1360","HBIO",0.243313313171647
"1361","HCAP",0.115660036021166
"1362","HAS",0.159195229633917
"1363","HA",0.333329433576407
"1364","HWKN",0.184627045164434
"1365","HWBK",0.133195092646023
"1366","HYAC Opt_Error",0
"1367","HAYN",0.329964804882959
"1368","HDS",0.190432307733624
"1369","HIIQ",0.406949645153985
"1370","HCSG",0.18514973241642
"1371","HQY",0.266421930354904
"1372","HSTM",0.28773380450197
"1373","HTLD",0.18508305044813
"1374","HTLF",0.257324943407133
"1375","HTBX",0.77144610066583
"1376","HEBT",0.364340837444012
"1377","HSII",0.356078102378375
"1378","HELE",0.233658473752823
"1379","HMNY",1.23378474522148
"1380","HSDT",0.395742462029517
"1381","HMTV",0.122936646831486
"1382","HNNA",0.195487739486362
"1383","HSIC",0.143053718168388
"1384","HTBK",0.272835435192568
"1385","HFWA",0.162367750238288
"1386","HCCI",0.280488967108502
"1387","MLHR",0.176067203900615
"1388","HRTX",0.484829308959105
"1389","HSKA",0.310180123771781
"1390","HX Opt_Error",0
"1391","HFFG",0.0296992873737242
"1392","HIBB",0.193772173313961
"1393","SNLN",0.0169716241569489
"1394","HPJ",0.433449388072247
"1395","HIHO",0.350402033842723
"1396","HIMX",0.38813058396734
"1397","HIFS",0.118492176196951
"1398","HSGX",0.456531572370358
"1399","HCCH Opt_Error",0
"1400","HCCHU",0.00698213004546297
"1401","HMNF",0.272177895915424
"1402","HMSY",0.254472728605376
"1403","HOLI",0.332062158067339
"1404","HOLX",0.184028299809509
"1405","HBCP",0.106696052964276
"1406","HOMB",0.196987101691415
"1407","HFBL",0.16329276204037
"1408","HMST",0.15795964915113
"1409","HMTA Opt_Error",0
"1410","HTBI",0.0996339808880239
"1411","FIXX Opt_Error",0
"1412","HOFT",0.276240229056503
"1413","HOPE",0.224827978984196
"1414","HFBC",0.0745905880530204
"1415","HBNC",0.15992906143137
"1416","HZNP",0.461548285290668
"1417","HRZN",0.110874648386308
"1418","DAX",0.140503076354245
"1419","QYLD",0.0664800027838845
"1420","HDP",0.780172307583681
"1421","HPT",0.192365653177054
"1422","TWNK",0.162497480196732
"1423","HMHC",0.230872689022544
"1424","HWCC",0.326052972398471
"1425","HOVNP",0.405557444227853
"1426","HBMD",0.140756549119269
"1427","HTGM",0.878551328059461
"1428","HTHT",0.342795535547542
"1429","HUBG",0.213972680163145
"1430","HSON",0.298828648582009
"1431","HDSN",0.359944676723793
"1432","HUNT Opt_Error",0
"1433","HBAN",0.162284352425642
"1434","HBANN Opt_Error",0
"1435","HBANO",0.0650768335504387
"1436","HURC",0.271951922104658
"1437","HURN",0.209337143661958
"1438","HCM",0.293415453913351
"1439","HBP",0.414727106232552
"1440","HVBC Opt_Error",0
"1441","HYGS",0.493052907511768
"1442","HYRE Opt_Error",0
"1443","IDSY",0.246863014525798
"1444","IIIV Opt_Error",0
"1445","IAC",0.203938182232664
"1446","IAM",0.197173273835822
"1447","IBKC",0.167589567246701
"1448","IBKCO",0.0642255808748202
"1449","IBKCP Opt_Error",0
"1450","ICAD",0.397011997644633
"1451","IEP",0.268273825722713
"1452","ICCH Opt_Error",0
"1453","ICFI",0.187033863516643
"1454","ICHR",0.5020930517207
"1455","ICLK",0.30444906537036
"1456","ICLR",0.229490782174838
"1457","ICON",0.243363046650657
"1458","ICUI",0.165921207978619
"1459","IPWR",0.416865691231891
"1460","INVE",0.517888978639361
"1461","IDRA",0.535083935772279
"1462","IDXX",0.205592159957659
"1463","IESC",0.349647710527218
"1464","IROQ Opt_Error",0
"1465","IFMK",0.686280554296747
"1466","INFO",0.130655059974948
"1467","IIVI",0.259238077226876
"1468","KANG",0.189040966875449
"1469","IKNX Opt_Error",0
"1470","ILMN",0.314290272698883
"1471","ISNS",0.317388565753648
"1472","IMMR",0.383317131588609
"1473","ICCC",0.163813401208736
"1474","IMDZ",0.488276270573835
"1475","IMGN",0.525939379888506
"1476","IMMU",0.503603666452953
"1477","IMRN",0.532632893702451
"1478","IMMP",0.509568594875953
"1479","IMPV",0.351919899877082
"1480","PI Opt_Error",0
"1481","IMMY",0.703451447822553
"1482","IMV",0.100266643867767
"1483","INCY",0.404189774440635
"1484","INDB",0.193684091877591
"1485","IBCP",0.318016525600402
"1486","IBTX",0.207561860663983
"1487","INDU",0.0268871914753737
"1488","ILPT",0.0612049869398463
"1489","IDSA",0.439796476612422
"1490","INFN",0.339566202110504
"1491","INFI",0.367982942443212
"1492","IFRX Opt_Error",0
"1493","III",0.234548053542578
"1494","IEA Opt_Error",0
"1495","IMKTA",0.243040220910324
"1496","INWK",0.271803706268436
"1497","INOD",0.299587252384726
"1498","IPHS",0.287617910851424
"1499","IOSP",0.326333474471217
"1500","INNT",1.20712781303437
"1501","ISSC",0.276294831717731
"1502","INVA",0.414688713085246
"1503","INGN",0.290275012801809
"1504","INOV",0.192941431802192
"1505","INO",0.594070780247378
"1506","INPX",1.31761669815792
"1507","INSG Opt_Error",0
"1508","NSIT",0.310755160922389
"1509","ISIG",0.312390600732286
"1510","INSM",0.580095065855929
"1511","INSE",0.142166811306145
"1512","IIIN",0.336631326422848
"1513","PODD",0.28488124590147
"1514","INSY",0.534059559022997
"1515","NTEC",0.334012273913015
"1516","IART",0.225605561316332
"1517","IDTI",0.266925812353443
"1518","IMTE Opt_Error",0
"1519","INTC",0.166108057549489
"1520","NTLA",0.554511145665718
"1521","IPCI",0.417533537588427
"1522","IPAR",0.314668655037325
"1523","ICPT",0.679138070820602
"1524","IDCC",0.270426518795085
"1525","TILE",0.324869746020568
"1526","LINK Opt_Error",0
"1527","IMI",0.21645972325989
"1528","INAP",0.332578015551645
"1529","IBOC",0.197089236649402
"1530","IMXI",0.0798001936054509
"1531","ISCA",0.187565743381792
"1532","IGLD",0.394742977350437
"1533","IIJI",0.234420907674523
"1534","IDXG",2.14371910000013
"1535","XENT",0.384823985442547
"1536","INTX",0.343986697316188
"1537","IVAC",0.273861907214792
"1538","INTL",0.209341310760853
"1539","ITCI",0.453738663642453
"1540","XON",0.486297890689779
"1541","IIN",0.378161730944357
"1542","INTU",0.186052338799923
"1543","ISRG",0.303708410680231
"1544","PLW",0.0503531699750571
"1545","ADRA",0.134741455906953
"1546","ADRD",0.0979708268649393
"1547","ADRE",0.131369610371814
"1548","ADRU",0.0840284437583362
"1549","PKW",0.0976074511714323
"1550","PFM",0.104113523128898
"1551","PYZ",0.164869583247481
"1552","PEZ",0.146562956341266
"1553","PSL",0.109385615647188
"1554","PIZ",0.126926470601671
"1555","PIE",0.127813613808811
"1556","PXI",0.202881888769903
"1557","PFI",0.139144052356288
"1558","PTH",0.137702205317452
"1559","PRN",0.173471054237938
"1560","DWLV",0.0603944171656466
"1561","PDP",0.110031056815136
"1562","DWAQ",0.125024773067021
"1563","DWAS",0.113413367720196
"1564","DWIN",0.0416319205178781
"1565","DWTR",0.0989362845799477
"1566","PTF",0.134370081800973
"1567","PUI",0.072765503934256
"1568","IDLB Opt_Error",0
"1569","PRFZ",0.139428386597575
"1570","PAGG",0.153276617098216
"1571","PSAU",0.24343545860922
"1572","PIO",0.110315738981684
"1573","PGJ",0.163587395622415
"1574","PEY",0.117103023062081
"1575","IPKW",0.114010786009368
"1576","PID",0.0944226242136473
"1577","KBWB",0.112971389121005
"1578","KBWD",0.0749907686752203
"1579","KBWY",0.0907366335695505
"1580","KBWP",0.0835853130291211
"1581","KBWR",0.10458304678146
"1582","LDRI",0.0148389814173668
"1583","LALT",0.0387278050759547
"1584","PNQI",0.135939509535585
"1585","PDBC",0.0867650979752835
"1586","QQQ",0.119676032332388
"1587","USLB Opt_Error",0
"1588","PSCD",0.0993583524465071
"1589","PSCC",0.08165632062967
"1590","PSCE",0.209615475709333
"1591","PSCF",0.103512786467978
"1592","PSCH",0.126488538125607
"1593","PSCI",0.112272937500347
"1594","PSCT",0.107933159069791
"1595","PSCM",0.141138881790552
"1596","PSCU",0.0873024420547708
"1597","ISDX",0.00380659480685577
"1598","ISDS",0.00304997048406141
"1599","ISEM",0.00808421238709771
"1600","IUS Opt_Error",0
"1601","IUSS Opt_Error",0
"1602","VRIG Opt_Error",0
"1603","PHO",0.172749200503786
"1604","ISTR",0.0952147941172179
"1605","ISBC",0.140184015593773
"1606","ITIC",0.157293822542084
"1607","NVIV",0.749274016578849
"1608","IONS",0.445801853272579
"1609","IOVA Opt_Error",0
"1610","IPGP",0.236956172428046
"1611","IPIC Opt_Error",0
"1612","CLRG",0.0596874178596179
"1613","CSML",0.0671496125063946
"1614","IQ",0.202524530503222
"1615","IRMD",0.314689785630568
"1616","IRTC",0.304394922888984
"1617","IRIX",0.304336989703715
"1618","IRDM",0.233504628523011
"1619","IRDMB",0.192049978534686
"1620","IRBT",0.320993806487671
"1621","IRWD",0.26437981170877
"1622","IRCP",0.362222540257534
"1623","SLQD",0.0083549257644905
"1624","ISHG",0.0487152231007422
"1625","SHY",0.00696248125917752
"1626","TLT",0.0876807085785296
"1627","IEI",0.0218168321747014
"1628","IEF",0.0420307577588615
"1629","AIA",0.120716067749529
"1630","USIG",0.0273705153211807
"1631","COMT",0.125506872058501
"1632","ISTB",0.0075659759963259
"1633","IXUS",0.0828047468957462
"1634","IUSG",0.0866282010018234
"1635","IUSV",0.136249008171899
"1636","IUSB",0.0174794618567034
"1637","HEWG",0.128318297407351
"1638","SUSB Opt_Error",0
"1639","ESGD",0.0660354108832698
"1640","ESGE",0.0910787072679819
"1641","ESGU",0.0468012707169009
"1642","SUSC",0.0263428105469954
"1643","XT",0.092569438606941
"1644","FALN",0.0385428466373105
"1645","IFEU",0.142011229252289
"1646","IFGL",0.102359380754581
"1647","IGF",0.0926181373760933
"1648","GNMA",0.0134348842451845
"1649","HYXE",0.0264558442603357
"1650","IGIB",0.0211277985502993
"1651","IGOV",0.0486217713487282
"1652","EMB",0.0513739709991403
"1653","MBB",0.0198847619386904
"1654","JKI",0.102648708090995
"1655","ACWX",0.101083715491807
"1656","ACWI",0.0855793699278956
"1657","AAXJ",0.106216909343402
"1658","EWZS",0.139971881256634
"1659","MCHI",0.130599620265878
"1660","SCZ",0.0904050252947368
"1661","EEMA",0.0969654614667412
"1662","EMXC",0.0831335830221848
"1663","EUFN",0.156554805642398
"1664","IEUS",0.112372929288654
"1665","RING",0.218085053556842
"1666","SDG Opt_Error",0
"1667","ENZL",0.0933459047012262
"1668","QAT",0.15424341137865
"1669","TUR",0.165702905210645
"1670","UAE",0.1464678213832
"1671","IBB",0.194390884602579
"1672","SOXX",0.167153535981796
"1673","AMCA Opt_Error",0
"1674","EMIF",0.0915134587350743
"1675","ICLN",0.132272027591559
"1676","WOOD",0.118168591992847
"1677","INDY",0.115970113605028
"1678","IJT",0.129502020360606
"1679","DVY",0.116359339519932
"1680","SHV",0.000512748061378538
"1681","IGSB",0.00888239740356417
"1682","PFF",0.0846760470837288
"1683","ISRL",0.327767421305899
"1684","ITI",0.324451607918336
"1685","ITRM",0.0937962941430004
"1686","ITRI",0.294249520634324
"1687","ITRN",-0.052970899421896
"1688","IVFVC Opt_Error",0
"1689","IZEA",0.822538611688799
"1690","JJSF",0.137597584582925
"1691","MAYS Opt_Error",0
"1692","JBHT",0.178359791256136
"1693","JCOM",0.23767250110618
"1694","JKHY",0.12778586830266
"1695","JACK",0.199778091137243
"1696","JAGX",0.675926487421928
"1697","JAKK",0.321984221919074
"1698","JRVR",0.178286214015983
"1699","JSML Opt_Error",0
"1700","JSMD",0.0990712622987973
"1701","JASN",0.245754903676702
"1702","JAZZ",0.500283889074895
"1703","JD",0.239254800561866
"1704","JSYN Opt_Error",0
"1705","JRSH",0.155185813671767
"1706","JBLU",0.305280243783704
"1707","JTPY",0.300381180189972
"1708","JCTCF",0.203824493891376
"1709","JMU",0.487839789619843
"1710","JBSS",0.198821943555087
"1711","JOUT",0.281464818502315
"1712","JNCE",0.462843128428443
"1713","KALU",0.220559129550996
"1714","KALA Opt_Error",0
"1715","KALV",0.680481009144691
"1716","KMDA",0.208158165903738
"1717","KNDI",0.530467266376378
"1718","KPTI",0.401197692113229
"1719","KZIA Opt_Error",0
"1720","KBLM",0.0188029707715483
"1721","KBSF",0.603508832921657
"1722","KCAP",0.230383823742772
"1723","KRNY",0.144809157418999
"1724","KELYA",0.214615177612215
"1725","KELYB",0.0288675259968019
"1726","KMPH",0.430313043975276
"1727","KFFB",0.118066253359092
"1728","KERX",0.588296068696118
"1729","KEQU",0.163711434660182
"1730","KTCC",0.132025639373982
"1731","KZR Opt_Error",0
"1732","KFRC",0.280696701807643
"1733","KE Opt_Error",0
"1734","KBAL",0.290515119382334
"1735","KIN",0.289876575051568
"1736","KGJI",0.694182877239443
"1737","KINS",0.305192541807991
"1738","KNSA",0.195179606286922
"1739","KNSL",0.26864092258243
"1740","KIRK",0.376249952190517
"1741","KTOV",0.595730445510381
"1742","KLAC",0.199791643060243
"1743","KLXE",0.0340995355618808
"1744","KOD Opt_Error",0
"1745","KONA",0.357640734034277
"1746","KOPN",0.426459321221659
"1747","KRNT",0.29803790097473
"1748","KOSS",0.226780715180392
"1749","KWEB",0.170962108661112
"1750","KTOS",0.371336285240554
"1751","KRYS",0.456189785781333
"1752","KLIC",0.319860495958492
"1753","KURA Opt_Error",0
"1754","KVHI",0.277977148832195
"1755","FSTR",0.274772683571657
"1756","LJPC",0.600429727002574
"1757","LSBK",0.102126817882614
"1758","LBAI",0.235801282262443
"1759","LKFN",0.190817244237317
"1760","LAKE",0.30848894353042
"1761","LRCX",0.258174942433821
"1762","LAMR",0.188717669817159
"1763","LANC",0.132216880182468
"1764","LCA",0.0417497814318944
"1765","LCAHU Opt_Error",0
"1766","LNDC",0.241848720816575
"1767","LARK",0.126941052165023
"1768","LMRK",0.134685515770012
"1769","LMRKN Opt_Error",0
"1770","LMRKO",0.0712986787026037
"1771","LMRKP Opt_Error",0
"1772","LE",0.355404300147244
"1773","LSTR",0.213356947188093
"1774","LNTH Opt_Error",0
"1775","LTRX",0.370644194667568
"1776","LSCC",0.293738189519437
"1777","LAUR",0.2349270245991
"1778","LAWS",0.381135327715536
"1779","LAZY Opt_Error",0
"1780","LCNB",0.132463872124852
"1781","LPTX",0.335087473039023
"1782","LGCY",0.415706630665854
"1783","LTXB",0.180649272546145
"1784","DDBI",0.0954591080590466
"1785","EDBI",0.121108924184335
"1786","INFR",0.0421243653461173
"1787","LVHD Opt_Error",0
"1788","SQLV",0.117897843816758
"1789","UDBI",0.059837832378108
"1790","LACQ Opt_Error",0
"1791","LACQU",0.0172537615548987
"1792","LMAT",0.207165993909017
"1793","TREE",0.408180270161051
"1794","LEVL Opt_Error",0
"1795","LXRX",0.43389991517875
"1796","LX",0.31747478903966
"1797","LFAC Opt_Error",0
"1798","LFACU Opt_Error",0
"1799","LGIH",0.246150749521445
"1800","LHCG",0.244452173465869
"1801","LLIT",0.467399164764133
"1802","LBRDA",0.210136865201709
"1803","LBRDK",0.202105911859662
"1804","LEXEA Opt_Error",0
"1805","LEXEB",0.0526636228577523
"1806","LBTYA",0.153157532282841
"1807","LBTYB",0.0865335391250037
"1808","LBTYK",0.166748792647478
"1809","LILA",0.296906170050649
"1810","LILAK Opt_Error",0
"1811","BATRA",0.170677742903261
"1812","BATRK",0.177816036319905
"1813","FWONA",0.164849536520106
"1814","FWONK",0.196331797863522
"1815","LSXMA",0.141821159710381
"1816","LSXMB Opt_Error",0
"1817","LSXMK",0.135316162570311
"1818","LTRPA",0.286785835187394
"1819","LTRPB Opt_Error",0
"1820","LPNT",0.171355989929801
"1821","LCUT",0.342585718968204
"1822","LFVN",0.556104766832348
"1823","LWAY",0.294887269456745
"1824","LGND",0.343908668978326
"1825","LTBR",0.500792338485021
"1826","LPTH",0.350257258145984
"1827","LLEX",0.957781092565931
"1828","LMB",0.147976431685139
"1829","LLNW",0.344699543062217
"1830","LMST",0.0386582756631824
"1831","LMNR",0.266616554139675
"1832","LINC",0.426095334511358
"1833","LECO",0.191542513679011
"1834","LIND",0.10409392883437
"1835","LPCN",0.416586642352396
"1836","YVR",0.478162003009204
"1837","LQDA",0.196892874687816
"1838","LQDT",0.258485582071623
"1839","LFUS",0.232186586761179
"1840","LIVN",0.187167415477897
"1841","LOB",0.20918088548408
"1842","LIVE",0.835667778701631
"1843","LPSN",0.296521851019832
"1844","LIVX",0.373128114744101
"1845","LKQ",0.180423941218809
"1846","LMFA",0.526002752677471
"1847","LOGC Opt_Error",0
"1848","LOGI",0.213641572531733
"1849","LOGM",0.252575617285728
"1850","CNCR",0.219967062814172
"1851","CHNA Opt_Error",0
"1852","LONE",0.482856356649326
"1853","LOAC",0.00388601036269431
"1854","LOACU Opt_Error",0
"1855","LOOP",0.216722165425226
"1856","LORL",0.255690247685594
"1857","LOXO",0.495172526488378
"1858","LPLA",0.164137276404825
"1859","LRAD",0.360569676038468
"1860","LYTS",0.310512762110366
"1861","LULU",0.358621920602262
"1862","LITE",0.3123901773448
"1863","LMNX",0.221887830647933
"1864","LUNA",0.505088711293962
"1865","LBC Opt_Error",0
"1866","MBTF",0.255035523627333
"1867","MCBC",0.26383915608218
"1868","MFNC",0.215551373722884
"1869","MTSI",0.316229461685638
"1870","MGNX",0.27102545646122
"1871","MDGL",0.656150117552777
"1872","MAGS",0.228003148983109
"1873","MGLN",0.154405623965157
"1874","MGTA Opt_Error",0
"1875","MGIC",0.325695790322991
"1876","CALL",0.433351026900091
"1877","MNGA",0.707373218136206
"1878","MGYR",0.218487604348485
"1879","MHLD",0.215127068740407
"1880","MMYT",0.345360376404637
"1881","MBUU",0.29818622227857
"1882","MLVF",0.0858953815171405
"1883","MAMS",0.512103190150908
"1884","TUSK",0.311502914377468
"1885","MANH",0.20232709101844
"1886","LOAN",0.294495554618132
"1887","MNTX",0.386118995454236
"1888","MTEX",0.386348497975594
"1889","MNKD",0.615883228231859
"1890","MANT",0.184224349026224
"1891","MARA",0.820475959879761
"1892","MCHX",0.286970667587669
"1893","MRIN",0.259660665720958
"1894","MARPS",0.293750553480254
"1895","MRNS Opt_Error",0
"1896","MRKR",0
"1897","MKTX",0.237869790137766
"1898","MRLN",0.769176650857544
"1899","MAR",0.244771338113158
"1900","MBII",0.530736600873373
"1901","MRTN",0.195419336008729
"1902","MMLP",0.160352128293074
"1903","MRVL",0.22831806794729
"1904","MASI",0.204565315203389
"1905","MTCH",0.340411808676172
"1906","MTLS",0.253853396546626
"1907","MTRX",0.314533345812494
"1908","MAT",0.208482108321825
"1909","MATW",0.193077466313134
"1910","MXIM",0.151889138789351
"1911","MXWL",0.386349764976885
"1912","MZOR",0.447347468257956
"1913","MBFI",0.211685730627256
"1914","MBFIO",0.032501563978142
"1915","MCFT",0.266831334254317
"1916","MGRC",0.233555399813431
"1917","MDCA",0.289243956693552
"1918","MFIN",0.263555503739792
"1919","MFINL",0.1284394103248
"1920","MTBC",0.730379049857609
"1921","MTBCP Opt_Error",0
"1922","MNOV",0.507217902712619
"1923","MDSO",0.274050854848886
"1924","MDGS",0.285972652272894
"1925","MDWD",0.409458743693014
"1926","MEDP",0.220646350075098
"1927","MEIP",0.638706226152897
"1928","MGTX Opt_Error",0
"1929","MLCO",0.368936179166159
"1930","MLNT",0.407615551394871
"1931","MLNX",0.214294246970095
"1932","MELR Opt_Error",0
"1933","MNLO Opt_Error",0
"1934","MTSL",0.487082967708774
"1935","MELI",0.3116168337263
"1936","AMTB",0
"1937","AMTBB",0
"1938","MBWM",0.193564226590984
"1939","MERC",0.497735786136797
"1940","MBIN",0.173678402787223
"1941","MRCY",0.342453698234218
"1942","EBSB",0.115739853011961
"1943","VIVO",0.174508415718658
"1944","MRBK Opt_Error",0
"1945","MMSI",0.244018703068173
"1946","MACK",0.315344695126886
"1947","MRSN",0.391170519607098
"1948","MRUS",0.485158634944668
"1949","MESA Opt_Error",0
"1950","MLAB",0.294972536965788
"1951","MESO",0.391215322997611
"1952","CASH",0.232126922550303
"1953","MEOH",0.238141508142398
"1954","MGEE",0.116176643318472
"1955","MGPI",0.406044818445275
"1956","MBOT",0.507347900312678
"1957","MCHP",0.194201004848111
"1958","MU",0.322559370002564
"1959","MSFT",0.133629944836958
"1960","MSTR",0.212772895078443
"1961","MVIS",0.536283781843963
"1962","MICT",0.457325757432797
"1963","MPB",0.153885500482167
"1964","MTP",0.346385666082165
"1965","MCEP",0.544818871348614
"1966","MBCN",0.119348850026658
"1967","MSEX",0.150771763623469
"1968","MSBI",0.13424857836041
"1969","MSVB",0.145031140197827
"1970","MOFG",0.166778500702568
"1971","MIME",0.380987959047277
"1972","MNDO",0.271952557257985
"1973","MB Opt_Error",0
"1974","NERV",0.523322099033673
"1975","MGEN",1.54108096322772
"1976","MRTX",0.523525497750654
"1977","MSON",0.402752847110875
"1978","MIND",0.273878088497346
"1979","MINDP",0.10348251885817
"1980","MITK",0.569729477577409
"1981","MITL",0.243245500720996
"1982","MKSI",0.23629753467256
"1983","MMAC",0.057665806393372
"1984","MINI",0.25233643815828
"1985","MOBL",0.360640242976769
"1986","MMDM",0.0167113899053852
"1987","MOGO",0.238036490378471
"1988","MTEM",0.593018062269788
"1989","MBRX Opt_Error",0
"1990","MNTA",0.349945651098202
"1991","MOMO Opt_Error",0
"1992","MKGI Opt_Error",0
"1993","MCRI",0.287163573219671
"1994","MDLZ",0.14994838950134
"1995","MGI",0.283621903090441
"1996","MDB",0.176121276988627
"1997","MPWR",0.237067817851533
"1998","TYPE",0.174702217381971
"1999","MNRO",0.210871803712615
"2000","MRCC",0.0987536064631357
"2001","MRCCL",0.00421647410655162
"2002","MNST",0.237233541269571
"2003","MORN",0.189498976136655
"2004","MOR Opt_Error",0
"2005","MOSY",0.409354477322691
"2006","MTFB",0.332330650019986
"2007","MPAA",0.256465288184484
"2008","MOTS Opt_Error",0
"2009","MPVD",0.301310740599757
"2010","MOXC",0.329143458605765
"2011","COOP",0.37859430485033
"2012","MSBF",0.147872548130484
"2013","MTEC Opt_Error",0
"2014","MTECU Opt_Error",0
"2015","MTSC",0.179706530061762
"2016","MUDS Opt_Error",0
"2017","MUDSU Opt_Error",0
"2018","LABL",0.290893432101729
"2019","MBIO Opt_Error",0
"2020","MFSF",0.174032898087336
"2021","MVBF",0.134953339315198
"2022","MYSZ",0.625582442305892
"2023","MYL",0.231952313187288
"2024","MYND",1.4068124908295
"2025","MYOK",0.522308754215746
"2026","MYOS",0.882312475882809
"2027","MYRG",0.273315962644672
"2028","MYGN",0.277536596864494
"2029","NBRV",0.238863230794857
"2030","NAKD",0.612344696230371
"2031","NNDM",0.421650893669247
"2032","NANO",0.349404489486237
"2033","NSTG",0.27950932951947
"2034","NAOV Opt_Error",0
"2035","NH Opt_Error",0
"2036","NK Opt_Error",0
"2037","NSSC",0.28480406813053
"2038","NDAQ",0.201983488440962
"2039","NTRA",0.305702090427633
"2040","NATH",0.198692565002259
"2041","NAUH",0.249138522805722
"2042","NKSH",0.137092724084859
"2043","FIZZ",0.189522284062622
"2044","NCMI",0.292974786616136
"2045","NCOM",0.148015769701249
"2046","NESR",0.0835582149295648
"2047","NGHC",0.185387186337156
"2048","NGHCN",0.0432190619912242
"2049","NGHCO",0.0570324156841319
"2050","NGHCP",0.0516281927356779
"2051","NGHCZ",0.0750559457707377
"2052","NHLD",0.582567568302669
"2053","NATI",0.205573607611389
"2054","NRC",0.138237613849563
"2055","NSEC",0.163286882582394
"2056","EYE",0.139104232942809
"2057","NWLI",0.240211852439607
"2058","NAII",0.216775485933731
"2059","NHTC",0.570266361475625
"2060","NATR",0.239230432363474
"2061","BABY",0.270430376080151
"2062","JSM",0.124391998530395
"2063","NAVI",0.172716055567602
"2064","NBTB",0.197055248040118
"2065","NCSM",0.194728086813131
"2066","NEBU Opt_Error",0
"2067","NEBUU",0.0206498355839259
"2068","NKTR",0.43732687440259
"2069","NMRD Opt_Error",0
"2070","NEOG",0.21588962764839
"2071","NEO",0.31638067617526
"2072","NTGN",0.190353698614593
"2073","NEON",0.529347934379889
"2074","NEOS Opt_Error",0
"2075","NVCN",1.27937182556116
"2076","NEPT",0.455114250024049
"2077","UEPS",0.275413909643369
"2078","NETE",3.45326076417558
"2079","NTAP",0.21479785153116
"2080","NTES",0.340839672878273
"2081","NFLX",0.363899981896288
"2082","NTGR",0.242396632610654
"2083","NTCT",0.2473977441195
"2084","NTWK",0.517159778871938
"2085","CUR",0.668750554228107
"2086","NBIX",0.454004140683649
"2087","NURO",0.462207739486789
"2088","STIM Opt_Error",0
"2089","NTRP Opt_Error",0
"2090","NBEV Opt_Error",0
"2091","NYMT",0.168555838040549
"2092","NYMTN",0.0339159533499798
"2093","NYMTO Opt_Error",0
"2094","NYMTP",0.0612770390617079
"2095","NEWA Opt_Error",0
"2096","NLNK",0.52675407299916
"2097","NMRK",0.0953825433602766
"2098","NWS",0.139059867591843
"2099","NWSA",0.149314525727915
"2100","NEWT",0.321210812561698
"2101","NEWTZ",0.0741825207129957
"2102","NXEO Opt_Error",0
"2103","NXEOU",0.249090344459585
"2104","NXST",0.647044659602987
"2105","NEXT Opt_Error",0
"2106","NXGN Opt_Error",0
"2107","NFEC",1.11312162452563
"2108","NODK",0.126083278618898
"2109","EGOV",0.231136719155169
"2110","NICE",0.174224180014952
"2111","NICK",0.194806495757667
"2112","NCBS",0.11360659905495
"2113","NITE",0.44189719653742
"2114","NIHD",0.765067904395572
"2115","NIU Opt_Error",0
"2116","LASR Opt_Error",0
"2117","NMIH",0.248850512881811
"2118","NNBR",0.431388718229965
"2119","NDLS",0.323154432199913
"2120","NDSN",0.206451796310511
"2121","NSYS",0.231641008014632
"2122","NBN",0.183204528181664
"2123","NTIC",0.314525066399343
"2124","NTRS",0.116753621358625
"2125","NTRSP Opt_Error",0
"2126","NFBK",0.102346441428619
"2127","NRIM",0.161897785482504
"2128","NWBI",0.168765330472843
"2129","NWPX",0.372987136329322
"2130","NCLH",0.191863576265905
"2131","NWFL",0.113215392943849
"2132","NVFY",0.38589932456273
"2133","NVMI",0.321656108038258
"2134","NOVN",0.454509542924826
"2135","NOVT",0.301279015261614
"2136","NVAX",0.439466926174732
"2137","NVLN",0.309415159745473
"2138","NVCR",0.538636734980111
"2139","NVMM",0.795589224203805
"2140","NVUS",0.660121522487258
"2141","NUAN",0.287957209659657
"2142","NCNA",0.411424313187381
"2143","NTNX",0.393327257938999
"2144","NTRI",0.314998346352506
"2145","NUVA",0.242933050523779
"2146","NVTR",0.36845362500595
"2147","QQQX",0.0955241900507023
"2148","NVEE",0.278554703435044
"2149","NVEC",0.251308832354656
"2150","NVDA",0.337926163497547
"2151","NXPI",0.266090024191319
"2152","NXTM",0.330506895526877
"2153","NXTD",0.896281685380741
"2154","NYMX",0.481074704614423
"2155","OIIM",0.197892594348584
"2156","OVLY",0.160280496429536
"2157","OCSL",0.153164417782178
"2158","OCSLL",0.0678425055241489
"2159","OCSI",0.0825595329749027
"2160","OASM Opt_Error",0
"2161","OBLN",0.478832259975884
"2162","OBSV",0.331257894835816
"2163","OBCI",0.268738201308585
"2164","OPTT",0.5337144941505
"2165","ORIG",0.343685604363007
"2166","OCFC",0.198761583748099
"2167","OCLR",0.429768155078578
"2168","OFED",0.08985802470529
"2169","OCUL",0.607416881567809
"2170","ODT",0.226658095990545
"2171","OMEX",0.541794894857376
"2172","ODP",0.462408085734543
"2173","OFS",0.0919983937355954
"2174","OFSSZ Opt_Error",0
"2175","OCCI Opt_Error",0
"2176","OHAI",0.189370282160397
"2177","OVBC",0.120981564342359
"2178","OHRP",0.635341487228321
"2179","OKTA",0.338286893121787
"2180","ODFL",0.225674194211713
"2181","OLBK",0.142825831960926
"2182","ONB",0.19659580136688
"2183","OPOF",0.103173891000045
"2184","OSBC",0.346422503047943
"2185","OSBCP",0.176235514164716
"2186","OLLI",0.243531516060987
"2187","ZEUS",0.469905209791538
"2188","OFLX",0.295709159799061
"2189","OMER",0.473768755150426
"2190","OMCL",0.251792217713355
"2191","ON",0.260928409834984
"2192","OTIV",0.421818039254744
"2193","ONS",0.529000731003891
"2194","ONCY",0.505186605246296
"2195","OMED",0.461776813059397
"2196","ONTX",0.333094334077414
"2197","ONCS",0.472723668805783
"2198","OHGI",0.898400492473095
"2199","OSS Opt_Error",0
"2200","OSPN Opt_Error",0
"2201","OPBK",0.095225576036739
"2202","OTEX",0.223978409411351
"2203","OPRA Opt_Error",0
"2204","OPES Opt_Error",0
"2205","OPESU Opt_Error",0
"2206","OPGN",0.49349789016983
"2207","OPHT",0.338001643134272
"2208","OPNT",5.19704086833627
"2209","OPK",0.388816493529311
"2210","OBAS",0.202207922051242
"2211","OCC",0.304995951720343
"2212","OPRX Opt_Error",0
"2213","OPHC",0.728672611115339
"2214","OPTN",0.331483770407581
"2215","OPB",0.143214029076162
"2216","ORMP",0.412688414360632
"2217","OSUR",0.269286464040033
"2218","ORBC",0.319701177192194
"2219","ORBK",0.25519730847185
"2220","ORTX",0
"2221","ORLY",0.163489739907907
"2222","ONVO",0.502945888774863
"2223","ORGS Opt_Error",0
"2224","SEED",0.517245727257627
"2225","OBNK",0.0816638713901729
"2226","OESX",0.330439583112437
"2227","ORIT",0.127971208299269
"2228","ORRF",0.160992237279913
"2229","OFIX",0.221098477536642
"2230","KIDS",0.268815406991662
"2231","OSIS",0.278292268030845
"2232","OSIR",0.442059303263885
"2233","OSMT Opt_Error",0
"2234","OSN",0.400640978946829
"2235","OTEL",0.460526470421873
"2236","OTIC",0.56767454202721
"2237","OTTW",0.0280080047362118
"2238","OTTR",0.169255835455817
"2239","OVAS",0.431118754885654
"2240","OSTK",0.378993236419969
"2241","OVID",0.37801409365172
"2242","OXBR",0.184490394099719
"2243","OXFD",0.2396670977529
"2244","OXLC",0.110064641920804
"2245","OXLCM",0.0246985900659917
"2246","OXLCO",0.0306031646577778
"2247","OXSQ",0.0992495433606294
"2248","OXSQL Opt_Error",0
"2249","PFIN",0.220585783015497
"2250","PTSI",0.330947477046214
"2251","PCAR",0.210469739459572
"2252","VETS Opt_Error",0
"2253","PACB",0.482068817109447
"2254","PCB Opt_Error",0
"2255","PEIX",0.622800575554381
"2256","PMBC",0.19325726693851
"2257","PPBI",0.21858149596577
"2258","PCRX",0.369161006948351
"2259","PACW",0.197279503464187
"2260","PTIE",0.358856767810829
"2261","PAAS",0.298747232500523
"2262","PANL Opt_Error",0
"2263","PZZA",0.14891572460042
"2264","FRSH",0.347853653988139
"2265","PRTK",0.505701933467613
"2266","TEUM",0.524827141932019
"2267","PNRL",0.00546318289786226
"2268","PCYG",0.275122826948252
"2269","PKBK",0.223364572979611
"2270","PKOH",0.435265367377262
"2271","PTNR",0.197753761930735
"2272","PBHC Opt_Error",0
"2273","PATK",0.38244270819496
"2274","PNBK",0.145601009921915
"2275","PATI",0.118545635975666
"2276","PEGI",0.19831255617866
"2277","PDCO",0.151590970662823
"2278","PTEN",0.326383302774153
"2279","PAVM",0.298330911580547
"2280","PAYX",0.0966397639149807
"2281","PCTY",0.310957993595085
"2282","PYDS",0.684102417642468
"2283","PYPL",0.217415725062893
"2284","PBBI Opt_Error",0
"2285","CNXN",0.230259134528176
"2286","PCMI",0.375396714694447
"2287","PCSB",0.0918593858026707
"2288","PCTI",0.224485495206075
"2289","PDCE",0.363612441336634
"2290","PDFS",0.328644955534207
"2291","PDLI",0.191397151278524
"2292","PDLB",0.0605369553428485
"2293","PDVW Opt_Error",0
"2294","SKIS",0.333202956020535
"2295","PGC",0.246150176019532
"2296","PEGA",0.292165996334199
"2297","PENN",0.201297229667088
"2298","PVAC",0.239755523111444
"2299","PFLT",0.0836004366647734
"2300","PNNT",0.166309778001811
"2301","PWOD",0.140965860019549
"2302","WRLS",0.0211049726227146
"2303","PEBO",0.195208465094282
"2304","PEBK",0.109314309093107
"2305","PFIS",0.132206358328193
"2306","PBCT",0.153335288555293
"2307","PBCTP",0.0551310879490179
"2308","PUB Opt_Error",0
"2309","KPFS Opt_Error",0
"2310","PEP",0.0934624645911637
"2311","PRCP",0.287909849992963
"2312","PRFT",0.308382568373995
"2313","PFMT",0.30111158789895
"2314","PERI",0.38120416066146
"2315","PESI",0.280278101434429
"2316","PPIH",0.217051153452531
"2317","PTX",0.399934498532563
"2318","PGLC",0.367219470787058
"2319","PETQ Opt_Error",0
"2320","PETS",0.237890772660256
"2321","PFSW",0.41198522222979
"2322","PGTI",0.36776064135863
"2323","PHAS Opt_Error",0
"2324","PHII",0.274765168541005
"2325","PHIIK",0.31022042833003
"2326","PAHC",0.244263178051813
"2327","PLAB",0.798592643095261
"2328","PICO",0.18131465307758
"2329","PLLL",0.120196290036049
"2330","PIRS Opt_Error",0
"2331","PPC",0.315915364520259
"2332","PDD Opt_Error",0
"2333","PME",0.301969753740391
"2334","PNFP",0.198958343556768
"2335","PT Opt_Error",0
"2336","PPSI",0.153615654442944
"2337","PXLW",0.454759134326669
"2338","EAGL Opt_Error",0
"2339","EAGLU Opt_Error",0
"2340","PLYA",0.155934106728412
"2341","PLXS",0.254533927306805
"2342","PLUG",0.601794668310621
"2343","PLBC",0.223031832447601
"2344","PS Opt_Error",0
"2345","PSTI",0.546802757601829
"2346","PLXP",0.434575207080609
"2347","PBSK",0.104537094711018
"2348","PNTR",0.300740992054136
"2349","PCOM",0.280013653241958
"2350","POLA",0.251578941457216
"2351","PTE Opt_Error",0
"2352","POOL",0.137196003911852
"2353","POPE Opt_Error",0
"2354","BPOP",0.307564413780796
"2355","BPOPM",0.164754790647803
"2356","BPOPN",0.0376986845559351
"2357","PTLA",0.277536890682055
"2358","PBPB",0.23605800250874
"2359","PCH",0.217589676741504
"2360","POWL",0.247253160483739
"2361","POWI",0.24178366983258
"2362","PRAA",0.278535635371955
"2363","PRAH",0.276602859557464
"2364","PRAN",0.437883295994905
"2365","PRPO",0.606888194319386
"2366","AIPT Opt_Error",0
"2367","PFBC",0.229464788555494
"2368","PLPC",0.34263878567551
"2369","PFBI",0.140881353110326
"2370","PINC",0.174397029564374
"2371","LENS",0.536412924999428
"2372","PSDO",0.261763515824962
"2373","PRGX",0.351191687059358
"2374","PSMT",0.251125886907273
"2375","PNRG Opt_Error",0
"2376","PRMW",0.419236858662737
"2377","PRIM",0.225151720883562
"2378","PVAL",0.0397587343800631
"2379","PFG",0.294362212536474
"2380","BTEC",0.14396262333981
"2381","PXUS Opt_Error",0
"2382","GENY",0.0943517726051135
"2383","PSET",0.0542934197137343
"2384","PY",0.0603096303758077
"2385","PMOM",0.0556886396521673
"2386","USMC",0.0525908849667702
"2387","PSC Opt_Error",0
"2388","PRNB Opt_Error",0
"2389","PRTH",0.0198244099472661
"2390","PRTHU Opt_Error",0
"2391","PDEX",0.380632804234565
"2392","IPDN",0.494451764586087
"2393","PFIE",0.445773755886284
"2394","PGNX",0.527774491633733
"2395","PRGS",0.187536353977166
"2396","PFPT",0.272161856431467
"2397","PRPH",0.34293124506416
"2398","PRQR",0.61778762107557
"2399","EQRR",0.0794474323971414
"2400","BIB",0.325633769532866
"2401","UBIO",1.1553699750482
"2402","TQQQ",0.311469369184372
"2403","ZBIO",0.566577862903564
"2404","SQQQ",0.237940005780111
"2405","BIS",0.252006192907138
"2406","PSEC",0.163837542522189
"2407","PTGX",0.496733453473029
"2408","PTVCA",0.0269521275463518
"2409","PTVCB",0.0193842118426028
"2410","PRTO",0.503526051862952
"2411","PTI Opt_Error",0
"2412","PRTA",0.424218107251711
"2413","PRVB",0.0689393939393939
"2414","PVBC",0.150457855952286
"2415","PROV",0.208567392191088
"2416","PBIP",0.159832760157309
"2417","PMD",0.238319351398203
"2418","PTC",0.225566591495147
"2419","PTCT",0.595703664570869
"2420","PULM",0.65695871481229
"2421","PLSE",0.446525901511555
"2422","PBYI",0.5734205782118
"2423","PACQ",0.00607571025762093
"2424","PACQU Opt_Error",0
"2425","PCYO",0.327899755842493
"2426","PRPL Opt_Error",0
"2427","PXS",0.866068188131233
"2428","QADA",0.194737345680586
"2429","QADB",0.187049784024479
"2430","QCRH",0.154604189770045
"2431","QGEN",0.186373503919436
"2432","QIWI",0.324712910292873
"2433","QRVO",0.304425681909147
"2434","QCOM",0.161334376121233
"2435","QBAK",0.277945292068625
"2436","QLYS",0.292367714919949
"2437","QTNA",0.396685030282371
"2438","QTRX",0.309602022429695
"2439","QTRH Opt_Error",0
"2440","QRHC",0.609297820004375
"2441","QUIK",0.404782488413063
"2442","QDEL",0.237290227461236
"2443","QNST",0.28067735254192
"2444","QUMU",0.265957276210677
"2445","QTNT",0.537539844507178
"2446","QRTEA",0.0724826037676796
"2447","QRTEB Opt_Error",0
"2448","QTT",0.0680755591925805
"2449","RRD",0.211771435449744
"2450","RCM Opt_Error",0
"2451","RARX",0.417323661767459
"2452","RADA",0.300363687626283
"2453","RDCM",0.360052859340388
"2454","RSYS",0.305976902891739
"2455","RDUS",0.457918163287016
"2456","RDNT",0.359645513830689
"2457","RDWR",0.215868948708875
"2458","METC",0.374625643352995
"2459","RMBS",0.378676218342352
"2460","RAND",0.148340428533646
"2461","GOLD",0.284376895592112
"2462","RNDB Opt_Error",0
"2463","RPD",0.36773966441602
"2464","RAVE",0.355581468141249
"2465","RAVN",0.273838869474438
"2466","RBB Opt_Error",0
"2467","ROLL",0.206236252713778
"2468","RICK",0.31745317586632
"2469","RCMT",0.269338615929048
"2470","RDI",0.14696580275136
"2471","RDIB",0.220483925642404
"2472","RGSE",0.551845857355371
"2473","BCNA Opt_Error",0
"2474","BLCN Opt_Error",0
"2475","RLM",0.121396507240541
"2476","RNWK",0.200062415520975
"2477","RP",0.182467183745129
"2478","RETA",0.438859848331769
"2479","RCON",0.731849471843139
"2480","REPH",0.520228476897473
"2481","RRGB",0.243298234554977
"2482","RRR Opt_Error",0
"2483","RDVT Opt_Error",0
"2484","RDFN Opt_Error",0
"2485","RDHL",0.371220679591573
"2486","REG",0.117695649934719
"2487","REGN",0.346857150507823
"2488","RGNX",0.565046773262884
"2489","RGLS",0.345553618030363
"2490","RBNC Opt_Error",0
"2491","RELV",0.26673365964468
"2492","MARK",0.68448343388874
"2493","RNST",0.196462193828111
"2494","REGI",0.321070109893142
"2495","ABAC",0.423297040749968
"2496","RCII",0.211459776093031
"2497","RGEN",0.279708426453502
"2498","REPL Opt_Error",0
"2499","RBCAA",0.213006362094927
"2500","FRBK",0.282369338433982
"2501","REFR",0.367435866319386
"2502","RSLS",0.735832302222627
"2503","RESN",0.458669489451596
"2504","RECN",0.177483074702058
"2505","HAIR",0.465229414957965
"2506","TORC Opt_Error",0
"2507","ROIC",0.103948387513516
"2508","RETO",0.464263238912022
"2509","RTRX",0.556105843658446
"2510","RVNC",0.36604453621505
"2511","RVEN",4.98340529180359
"2512","RVLT",0.445081532954712
"2513","RWLK",0.535068544837858
"2514","RFIL",0.252019601988337
"2515","RGCO",0.109374875537334
"2516","RYTM",0.348943759801447
"2517","RBBN",0.269838373344058
"2518","RIBT",0.469413760535681
"2519","RELL",0.230875123551855
"2520","RIGL",0.4281432115221
"2521","RNET",0.267814397076999
"2522","RMNI Opt_Error",0
"2523","RIOT Opt_Error",0
"2524","REDU",0.16585638059836
"2525","RTTR",1.46410842421152
"2526","RVSB",0.269163288103992
"2527","RIVE",0.127088170378386
"2528","RCKT",0.633381224509609
"2529","RMTI",0.409785347774909
"2530","RCKY",0.376299199731289
"2531","RMCF",0.17938180089022
"2532","ROKU",0.531465955919909
"2533","ROSE Opt_Error",0
"2534","ROSEU",0.0695262837653164
"2535","ROST",0.187730519238296
"2536","RGLD",0.307897517912581
"2537","RTIX",0.294164787404045
"2538","RBCN",0.341974922661122
"2539","RUBY Opt_Error",0
"2540","RMBL Opt_Error",0
"2541","RUSHA",0.306364662695247
"2542","RUSHB",0.275941788445198
"2543","RUTH",0.299664721865078
"2544","RXII",0.6710747833029
"2545","RYAAY",0.205870717026082
"2546","STBA",0.208942113888633
"2547","SANW",0.246402325608832
"2548","SCAC",0.00778287925699093
"2549","SCACU",0.0431721177518778
"2550","SBRA",0.2070065972473
"2551","SABR",0.167834066446063
"2552","SAEX",0.209946364292528
"2553","SFET Opt_Error",0
"2554","SAFT",0.140661938519948
"2555","SGA",0.289237094490455
"2556","SAGE",0.515295710844377
"2557","SAIA",0.299828480876895
"2558","SALM",0.391916077083215
"2559","SAL Opt_Error",0
"2560","SAFM",0.226178135233539
"2561","SASR",0.248094556523211
"2562","SGMO",0.590984489689869
"2563","SANM",0.347353289045365
"2564","GCVRZ",0.334196358723369
"2565","SPNS",0.283985384874979
"2566","SRPT",0.549805690730103
"2567","SVRA",0.386329869117536
"2568","SBFG Opt_Error",0
"2569","SBFGP",0.167594161515477
"2570","SBBX",0.227876881562348
"2571","SBAC",0.209532977099847
"2572","SCSC",0.2500008860102
"2573","SMIT",0.279093970569529
"2574","SCHN",0.333665145074581
"2575","SRRK",0.351338948757056
"2576","SCHL",0.219157250831157
"2577","SGMS",0.408682682234743
"2578","SCPH",0.329115678067205
"2579","SCYX",0.316930342467064
"2580","SEAC",0.233299145545226
"2581","SBCF",0.330624113409373
"2582","STX",0.334319588806695
"2583","SHIP",0.575482197871321
"2584","SHOS",0.338526422180305
"2585","SPNE",0.360011580582961
"2586","SGEN",0.405160524952104
"2587","EYES",0.570183746988406
"2588","SECO",0.293504520969673
"2589","SCWX",0.294901811800158
"2590","SNFCA",0.27316686581458
"2591","SEIC",0.18088244883856
"2592","SLCT",0.205507111109562
"2593","SIR",0.102430511736129
"2594","SIC Opt_Error",0
"2595","SELB",0.436120975207393
"2596","SIGI",0.188899460062286
"2597","SLS",0.558257432118505
"2598","LEDS",0.715610793631951
"2599","SMTC",0.248403549484287
"2600","SENEA",0.166032244700525
"2601","SENEB",0.172348463621276
"2602","SNES",0.555626833226314
"2603","SNH",0.194058257373109
"2604","SNHNI",0.0836318668665561
"2605","AIHS Opt_Error",0
"2606","SRTS",0.213433730500713
"2607","STNL Opt_Error",0
"2608","STNLU Opt_Error",0
"2609","SQBG",0.758487247530977
"2610","MCRB Opt_Error",0
"2611","SREV",0.290611435006955
"2612","SFBS",0.177862151976763
"2613","SESN",0.746890647129469
"2614","SVBI Opt_Error",0
"2615","SGBX",0.418586434244623
"2616","SGOC",0.621062479065097
"2617","SEII",0.824471904981622
"2618","SMED Opt_Error",0
"2619","SHSP",0.476558420598367
"2620","SHEN",0.274831170038858
"2621","PIXY",0.653225375986203
"2622","SHLO",0.316109668977437
"2623","TYHT",0.394702803158687
"2624","SHPG",0.179510367809885
"2625","SCVL",0.303726012389444
"2626","SHBI",0.206038707480718
"2627","SSTI",0.397579355914869
"2628","SFLY",0.279440332631245
"2629","SIFI",0.173783608876518
"2630","SIBN",0
"2631","SIEB",0.464557892868011
"2632","SNNA",0.297725970181821
"2633","SIEN Opt_Error",0
"2634","BSRR",0.218703227966894
"2635","SRRA",0.406665684026754
"2636","SWIR",0.331111894214539
"2637","SIFY",0.486665658482162
"2638","SIGA",0.538828195807566
"2639","SGLB Opt_Error",0
"2640","SGMA",0.13076638003626
"2641","SBNY",0.195108100620547
"2642","SLGN",0.136151632279819
"2643","SILC",0.415678723429581
"2644","SLAB",0.20448378046479
"2645","SIMO",0.336984985614711
"2646","SAMG",0.224593345004014
"2647","SSNT Opt_Error",0
"2648","SFNC",0.218106705512135
"2649","SLP",0.310099058205513
"2650","SINA",0.353192297007582
"2651","SBGI",0.304141747072043
"2652","SINO",0.516509989764594
"2653","SVA",0.353316547520612
"2654","SINT Opt_Error",0
"2655","SG Opt_Error",0
"2656","SIRI",0.32935893649464
"2657","SITO",0.540747072320496
"2658","SKYS",0.516267727365039
"2659","SKYW",0.26795064753777
"2660","SWKS",0.286612967343646
"2661","SNBR",0.419828703072836
"2662","SLM",0.200354202087895
"2663","SLMBP",0.17824151213905
"2664","SGH",0.330155033357305
"2665","SND",0.393080157578907
"2666","SMBK Opt_Error",0
"2667","SMSI",0.420722979508588
"2668","SMTX",0.30364730719203
"2669","SRAX Opt_Error",0
"2670","SCKT",0.348707187634056
"2671","SODA",0.251328472482221
"2672","SOHU",0.32823041745925
"2673","SLRC",0.06990880445325
"2674","SUNS",0.0987797704408403
"2675","SEDG",0.389982784209777
"2676","SLNO",0.626233096342848
"2677","SLGL Opt_Error",0
"2678","SLDB Opt_Error",0
"2679","SNGX",0.542471430473243
"2680","SONC",0.273128606835303
"2681","SOFO",0.292494989671975
"2682","SNOA",0.482879799133127
"2683","SONO Opt_Error",0
"2684","SPHS",0.544295110152114
"2685","SORL",0.41653963873386
"2686","SRNE",0.841699587078626
"2687","SOHO",0.312441606312677
"2688","SOHOB Opt_Error",0
"2689","SOHOO",0.0403574817382408
"2690","SOHOK Opt_Error",0
"2691","SFBC Opt_Error",0
"2692","SSB",0.172935164540654
"2693","SFST",0.152426601956075
"2694","SMBC",0.136903432140836
"2695","SONA",0.152141146414717
"2696","SBSI",0.190626456043053
"2697","SP",0.233858971488942
"2698","SGRP",0.373926752938166
"2699","SPKE",0.297008641393877
"2700","SPKEP",0.0439100437089743
"2701","ONCE",0.425780647920772
"2702","SPAR",0.415914302006349
"2703","SPTN",0.187605391891244
"2704","DWFI",0.0261816302114903
"2705","SPPI",0.36746151485478
"2706","SPRO",0.301354402350528
"2707","ANY",0.575717234378202
"2708","SPEX",0.586092791414815
"2709","SPI",1.30582971245724
"2710","SAVE",0.247517177803744
"2711","STXB",0.0397269377490284
"2712","SPLK",0.318598247117381
"2713","SPOK",0.214948114571296
"2714","SPWH",0.292417278297549
"2715","SBPH Opt_Error",0
"2716","FUND",0.140054134793426
"2717","SFM",0.166490404987422
"2718","SPSC",0.198353894032478
"2719","SSNC",0.188881762223491
"2720","SSLJ Opt_Error",0
"2721","SSRM",0.471230209419981
"2722","STAA",0.375485710713442
"2723","STAF",0.728166236574658
"2724","STMP",0.266498860697839
"2725","STND",0.0536655752934289
"2726","SBLK",0.439605812837935
"2727","SBLKZ Opt_Error",0
"2728","SBUX",0.210336889475632
"2729","STFC",0.282704374918879
"2730","STBZ",0.114830841579031
"2731","GASS",0.223136210334618
"2732","STCN Opt_Error",0
"2733","STLD",0.303135262677335
"2734","SMRT",0.434217374825253
"2735","STLR",0.0301560854352218
"2736","SBOT",0.455897133501682
"2737","STML",0.460835486137695
"2738","SRCL",0.154990026623357
"2739","SBT Opt_Error",0
"2740","STRL",0.307300266929917
"2741","SHOO",0.269678037033024
"2742","SSFN",0.155419325058925
"2743","SFIX Opt_Error",0
"2744","SYBT",0.198023612269479
"2745","BANX",0.0825381703466935
"2746","STNE",0
"2747","SSKN",0.441048067609994
"2748","SSYS",0.31428094243451
"2749","STRA",0.239432174868085
"2750","HNDL Opt_Error",0
"2751","STRT",0.285285763435752
"2752","STRS",0.289626122178814
"2753","STRM",0.342354152541374
"2754","SBBP",0.490191684580747
"2755","SUMR Opt_Error",0
"2756","SMMF",0.235861652446336
"2757","SSBI",0.14512608841991
"2758","SMMT",0.33109069949034
"2759","WISA Opt_Error",0
"2760","SNHY",0.311575151049079
"2761","SNDE",0.314381948575006
"2762","SNSS",0.53863974005776
"2763","STKL",0.329934847205463
"2764","SPWR",0.446812741246117
"2765","RUN Opt_Error",0
"2766","SUNW",0.836744727880029
"2767","SPCB",0.535104855248512
"2768","SCON",0.637652370396087
"2769","SGC",0.220250653736083
"2770","SUPN",0.338005460747714
"2771","SPRT",0.227596372741868
"2772","SURF Opt_Error",0
"2773","SGRY",0.472524263203082
"2774","SRDX",0.270460658019269
"2775","STRO Opt_Error",0
"2776","SIVB",0.255460428041591
"2777","SVMK",0.0502681483917301
"2778","SYKE",0.217882758190646
"2779","SYMC",0.198275463281373
"2780","SYNC",0.320604179759144
"2781","SYNL",0.162943864890511
"2782","SYNA",0.348954544421992
"2783","SNCR",0.34349215864973
"2784","SNDX Opt_Error",0
"2785","SYNH",0.219862758328402
"2786","SGYP",0.528827932122101
"2787","SYBX",0.402275857627931
"2788","SNPS",0.159461523740441
"2789","SES",0.448149848467964
"2790","SYPR",0.481884516523765
"2791","SYRS",0.463697650805394
"2792","TROW",0.18435032113204
"2793","TTOO",0.466839346867266
"2794","TRHC",0.374724691936137
"2795","TCMD",0.383708143040737
"2796","TAIT",0.14783764978685
"2797","TTWO",0.247942515213875
"2798","TLND",0.324686830018731
"2799","TNDM",0.562314500150923
"2800","TLF",0.126549518851303
"2801","TANH",0.491907227618061
"2802","TAOP",0.101328406236505
"2803","TEDU",0.0654795388528606
"2804","TATT",0.278639125687821
"2805","TAYD",0.119471142572523
"2806","CGBD",0.0845467138519053
"2807","AMTD",0.19352046952411
"2808","PETZ",0.7436046068554
"2809","TECD",0.176464095397208
"2810","TCCO",0.411903410139333
"2811","TTGT",0.316843797408003
"2812","TGLS",0.128178368046815
"2813","TGEN",0.286500497995906
"2814","TNAV",0.312008938534628
"2815","TLGT",0.300368140772526
"2816","TELL",0.662984954954152
"2817","TENB",0.0997067030616139
"2818","TENX",0.593720152511665
"2819","TZAC Opt_Error",0
"2820","TZACU Opt_Error",0
"2821","TERP",0.33423569153554
"2822","TBNK",0.0659983196399314
"2823","TSRO",0.392796957161612
"2824","TSLA",0.32861587779795
"2825","TESS",0.277862141757726
"2826","TTEK",0.197095862935249
"2827","TTPH",0.398986254021386
"2828","TCBI",0.195499069898393
"2829","TCBIL",0.0461085110209833
"2830","TCBIP",0.0557481159450617
"2831","TXN",0.160146269769263
"2832","TXRH",0.237112278983039
"2833","TFSL",0.105262084634767
"2834","TGTX",1.1813176147026
"2835","ANDE",0.224522612492542
"2836","TBBK",0.245251468738298
"2837","BPRN",0.838579557873791
"2838","CG",0.134939617349279
"2839","TCGP",0.0247888826355575
"2840","CAKE",0.151996598951812
"2841","CHEF",0.227287891234174
"2842","TCFC",0.166164490984292
"2843","DSGX",0.220045544515245
"2844","DXYN",0.168960889469769
"2845","ENSG",0.195270046062007
"2846","XONE",0.478980101470286
"2847","FBMS",0.222858044556194
"2848","FLIC",0.13308353109485
"2849","GT",0.284120614068612
"2850","HABT",0.195972516933146
"2851","HCKT",0.209393293289626
"2852","HAIN",0.229823487759669
"2853","CUBA",0.242552111558146
"2854","INTG Opt_Error",0
"2855","JYNT Opt_Error",0
"2856","KEYW",0.281079314301009
"2857","KHC",0.148898048566288
"2858","OLD Opt_Error",0
"2859","LOVE",0.086137051192906
"2860","MSG",0.128156371003039
"2861","MDCO",0.304119380380986
"2862","MEET",0.380885842713081
"2863","MIK",0.223649129680766
"2864","MIDD",0.193124951672002
"2865","NAVG",0.157591245228205
"2866","SLIM",0.129552217653569
"2867","STKS",0.215732257736694
"2868","ORG Opt_Error",0
"2869","PRSC",0.24522334921169
"2870","RMR",0.247619672014215
"2871","SMPL",0.272296752702429
"2872","TSG Opt_Error",0
"2873","TTD Opt_Error",0
"2874","ULTI",0.215831303406983
"2875","YORW",0.147584947731578
"2876","NCTY",0.451385692886786
"2877","TXMD",3.02057073291493
"2878","TRPX",0.44037523394987
"2879","TBPH",0.421784651750878
"2880","TST",0.236161976586019
"2881","TCRD",0.106678402561084
"2882","TBRG",0.00422367555371089
"2883","TBRGU Opt_Error",0
"2884","TIBR Opt_Error",0
"2885","TIBRU Opt_Error",0
"2886","TTTN",0
"2887","TTS",0.189684976234559
"2888","TLRY Opt_Error",0
"2889","TSBK",0.174826054020823
"2890","TIPT",0.209664710037056
"2891","TITN",0.39786862109858
"2892","TMDI",0.077498692763298
"2893","TTNP",6.5760295975842
"2894","TVTY",0.253351248397468
"2895","TIVO",0.236674501480732
"2896","TKKS",0.00541502298783893
"2897","TKKSU Opt_Error",0
"2898","TMUS",0.229826861924295
"2899","TMSR",0.158177007451652
"2900","TOCA",0.393998144423247
"2901","TNXP",0.695083704486503
"2902","TISA",0.271023281832788
"2903","TOPS",0.364088805420537
"2904","TRCH",0.910837202793885
"2905","TRMD Opt_Error",0
"2906","TOTA",0.0046300685399126
"2907","TOTAU",0.0151278462725691
"2908","TBLTU Opt_Error",0
"2909","TSEM",0.409162865154007
"2910","CLUB",0.407643579938321
"2911","TOWN",0.160668331557471
"2912","TPIC",0.264112804534432
"2913","TCON",0.498691661825284
"2914","TSCO",0.206858246964438
"2915","TWMC",0.258410851572741
"2916","TACT",0.287476821647357
"2917","TRNS",0.197517360518625
"2918","TGA",0.333134300835213
"2919","TBIO Opt_Error",0
"2920","TA",0.482291771379905
"2921","TANNI",0.0387114926885353
"2922","TANNL",0.061054516485898
"2923","TANNZ",0.073143160663726
"2924","TZOO",0.349596388283347
"2925","TRMT",0.107307842490401
"2926","TRVN",0.525612662646988
"2927","TPCO Opt_Error",0
"2928","TCDA Opt_Error",0
"2929","TCBK",0.226484131786088
"2930","TDAC Opt_Error",0
"2931","TDACU",0.00783963626188898
"2932","TRIL",0.444846892190606
"2933","TRS",0.344320064994552
"2934","TRMB",0.220976874564876
"2935","TRIB",0.212539900727422
"2936","TMCX",0.00570163376244872
"2937","TRIP",0.194280682529129
"2938","TSC",0.149142710859544
"2939","TSCAP Opt_Error",0
"2940","TBK",0.198795251987296
"2941","TRVG",0.294787790008061
"2942","TROV",0.596844582218944
"2943","TRUE",0.346044120796132
"2944","THST Opt_Error",0
"2945","TRUP",0.360864704546165
"2946","TRST",0.165053901608245
"2947","TRMK",0.225446102297777
"2948","TSRI",0.251986549036125
"2949","TTEC",0.157332113471144
"2950","TTMI",0.294834594812981
"2951","TCX",0.263404302618823
"2952","TUES",0.384463017217854
"2953","TOUR",0.438731719523501
"2954","HEAR",0.596751042479571
"2955","TWLV Opt_Error",0
"2956","TWLVU Opt_Error",0
"2957","FOX",0.174281953611598
"2958","FOXA",0.200090405669165
"2959","TWIN",0.388498152622839
"2960","TWST Opt_Error",0
"2961","TRCB",0.199061669821246
"2962","TYME",0.960079193541879
"2963","USCR",0.242634055960426
"2964","PRTS",0.379816969446586
"2965","USEG",0.373092636074507
"2966","GROW",0.340173549908087
"2967","USAU",0.346728712594099
"2968","UBNT",0.362650023514425
"2969","UFPT",0.285150186113909
"2970","ULTA",0.212416029781541
"2971","UCTT",0.400876880866886
"2972","UPL",0.35569599124461
"2973","RARE",0.4554893843674
"2974","ULBI",0.328056995859007
"2975","UMBF",0.183512791799941
"2976","UMPQ",0.277082844939449
"2977","UNAM",0.110834394462601
"2978","UBSH",0.220293964503998
"2979","UNB",0.103793835620272
"2980","QURE",0.502069103764502
"2981","UBCP Opt_Error",0
"2982","UBOH",0.068260228706838
"2983","UBSI",0.194171749030232
"2984","UCBI",0.250403073723187
"2985","UCFC",0.485080929275182
"2986","UAL",0.510908310551788
"2987","UBNK",0.163068148097889
"2988","UFCS",0.244125459099993
"2989","UIHC",0.233708577390298
"2990","UNFI",0.208048283878369
"2991","UBFO",0.229003140655469
"2992","USLM",0.197140601644803
"2993","UTHR",0.219173333396633
"2994","UG Opt_Error",0
"2995","UNIT",0.23835952578628
"2996","UNTY",0.140502709416952
"2997","UBX Opt_Error",0
"2998","OLED",0.399117591454894
"2999","UEIC",0.273482445262668
"3000","UFPI",0.244602638994741
"3001","ULH",0.272675059887597
"3002","USAP",0.38739615579081
"3003","UVSP",0.194140048470959
"3004","UMRX Opt_Error",0
"3005","UPLD",0.267951360328252
"3006","UPWK",0
"3007","UONE",0.583439751840621
"3008","UONEK Opt_Error",0
"3009","URBN",0.192651685729217
"3010","URGN",0.382029271351725
"3011","UROV Opt_Error",0
"3012","ECOL",0.213676660772893
"3013","USAT",0.410868953471969
"3014","USATP",0.0755493315989335
"3015","USAK",0.305145039029715
"3016","UTMD",0.152421129372404
"3017","UTSI",0.341915456905492
"3018","UXIN Opt_Error",0
"3019","VCNX Opt_Error",0
"3020","VLRX",0.747940670747351
"3021","VALX",0.0872895234530214
"3022","VLY",0.184359759465331
"3023","VLYPO Opt_Error",0
"3024","VLYPP Opt_Error",0
"3025","VALU",0.267258700236882
"3026","VNDA",0.764921468861672
"3027","BBH",0.167200021448576
"3028","GNRX",0.121458980426558
"3029","PPH",0.0991594268147377
"3030","VWOB",0.0360304240685226
"3031","VNQI",0.0912235483980272
"3032","VCIT",0.029785182238726
"3033","VGIT",0.0219883793621089
"3034","VIGI",0.0626500706528571
"3035","VYMI",0.0873134788626035
"3036","VCLT",0.0470677240344644
"3037","VGLT",0.0739655372781101
"3038","VMBS",0.0146866365776031
"3039","VONE",0.0591576715522808
"3040","VONG",0.0613098012883378
"3041","VONV",0.0676776663731407
"3042","VTWO",0.0889734636033916
"3043","VTWG",0.103131430706509
"3044","VTWV",0.0942222921451173
"3045","VTHR",0.0729592409572776
"3046","VCSH",0.0112563302128604
"3047","VTIP",0.0099581703269629
"3048","VGSH",0.00560192854040697
"3049","BND",0.0218012311870968
"3050","VTC Opt_Error",0
"3051","BNDX",0.0148934526161813
"3052","VXUS",0.098622399838245
"3053","BNDW",0.00204321951175633
"3054","VEAC",0.0139542253765808
"3055","VREX",0.235750234419154
"3056","VRNS",0.290466506688332
"3057","VBLT",0.553108486853845
"3058","VXRT",0.300869256829787
"3059","VBIV Opt_Error",0
"3060","VTIQ Opt_Error",0
"3061","VECO",0.291283136810426
"3062","VEON",0.412703496638542
"3063","VRA",0.25694846526015
"3064","VCYT",0.299410839332818
"3065","VSTM",0.42520605729377
"3066","VCEL",0.565369424868588
"3067","VRNT",0.255847016697154
"3068","VRSN",0.179957747048539
"3069","VRSK",0.124456107791633
"3070","VBTX",0.192303206517542
"3071","VERI",0.694193268002099
"3072","VRML",11.0431341182273
"3073","VRNA",0.291997238313234
"3074","VRRM Opt_Error",0
"3075","VRCA",0.0457772213334487
"3076","VTNR",0.549006394244141
"3077","VRTX",0.312897082509415
"3078","VERU Opt_Error",0
"3079","VIA",0.205885098370806
"3080","VIAB",0.182671743985931
"3081","VSAT",0.279747950598705
"3082","VIAV",0.31450482367272
"3083","VICL",0.313222083215966
"3084","VICR",0.451569050234937
"3085","VCTR Opt_Error",0
"3086","CIZ",0.0776279047678146
"3087","VSDA",0.0550918779640063
"3088","CEY Opt_Error",0
"3089","CEZ Opt_Error",0
"3090","CID",0.0896480286067
"3091","CIL Opt_Error",0
"3092","CFO",0.0704083376463833
"3093","CFA",0.0714946539293298
"3094","CSF Opt_Error",0
"3095","CDC",0.0595134882209409
"3096","CDL",0.0759355605960812
"3097","VSMV",0.0579827591233786
"3098","CSB",4.56386334079896
"3099","CSA Opt_Error",0
"3100","VRAY",0.460155987354892
"3101","VKTX Opt_Error",0
"3102","VBFC Opt_Error",0
"3103","VLGEA",0.212809588264929
"3104","VIOT",0.0143734643734644
"3105","VNOM",0.201838595359563
"3106","VIRC",0.31656532603199
"3107","VTSI Opt_Error",0
"3108","VIRT",0.225416316020235
"3109","VRTS",0.282033331528828
"3110","VRTSP",0.123371839119153
"3111","BBC",0.246874882970098
"3112","BBP",0.191148620343727
"3113","VRTU",0.317039206764858
"3114","VTGN",0.670566070698083
"3115","VC",0.185557298180167
"3116","VTL",0.623232190839103
"3117","VIVE",0.55229650351032
"3118","VVPR Opt_Error",0
"3119","VVUS",0.403289324538276
"3120","VOD",0.153384047075487
"3121","VOXX",0.387983125792039
"3122","VYGR",0.485486427037548
"3123","VSEC",0.253573728368484
"3124","VTVT",1.00219549097481
"3125","VUZI",0.63636211823274
"3126","WBA",0.137253440765128
"3127","WAFD",0.186504136903483
"3128","WASH",0.202613495057496
"3129","WSBF",0.263508143085734
"3130","WVE",0.575642480347011
"3131","WSTG",0.197298407890742
"3132","WCFB",0.176551481512894
"3133","WDFC",0.175426536964156
"3134","WB",0.272501034588277
"3135","WTW",0.326123671935245
"3136","WEBK Opt_Error",0
"3137","WEN",0.185408301219943
"3138","WERN",0.172356026222509
"3139","WSBC",0.191560019194761
"3140","WTBA",0.213596972461574
"3141","WABC",0.176558956244244
"3142","WSTL",0.328150610267167
"3143","WBND",0.00136830162875516
"3144","WDC",0.268751922266322
"3145","WNEB",0.100344952727154
"3146","WPRT",0.531046970127063
"3147","WWR",0.658051263670842
"3148","WEYS",0.173526097944034
"3149","WHLR",0.208225151612957
"3150","WHLRD Opt_Error",0
"3151","WHLRP Opt_Error",0
"3152","WHF",0.123866198085694
"3153","WHLM Opt_Error",0
"3154","WVVI Opt_Error",0
"3155","WVVIP Opt_Error",0
"3156","WLDN",0.31348917220432
"3157","WLFC",0.219915236607122
"3158","WLTW",0.177206604545027
"3159","WSC Opt_Error",0
"3160","WIN",0.275627954498686
"3161","WING",0.264977972360686
"3162","WINA",0.164173214563804
"3163","WINS Opt_Error",0
"3164","WTFC",0.169709618677555
"3165","WTFCM",0.062451689050786
"3166","AGND",0.0264156869653682
"3167","CXSE",0.103581947443162
"3168","EMCG",0.106585535765416
"3169","EMCB",0.0232552036550336
"3170","DGRE",0.116487875287512
"3171","DXGE",0.127587313897974
"3172","HYZD",0.031952848966156
"3173","AGZD",0.014108269770239
"3174","WETF",0.355115613975957
"3175","DXJS",0.123636389718559
"3176","GULF",0.0565552624665484
"3177","HYND",0.0505537742615277
"3178","DGRW",0.0741271073146157
"3179","DGRS",0.104663007351882
"3180","WIX",0.307167531129859
"3181","WWD",0.230841285648586
"3182","WDAY",0.226306853353496
"3183","WKHS",0.735334423351546
"3184","WRLD",0.320988276134715
"3185","WMGI",0.209973775021933
"3186","WMGIZ",0.358755472836398
"3187","WSFS",0.187147554297706
"3188","WVFC",0.080238010494069
"3189","WYNN",0.354599419364111
"3190","XBIT",0.459378054244952
"3191","XELB",0.591098462453635
"3192","XEL",0.0924118079773121
"3193","XNCR",0.333100009983313
"3194","XBIO Opt_Error",0
"3195","XENE",0.364696573051754
"3196","XERS Opt_Error",0
"3197","XGTI",1.43662343710062
"3198","XLNX",0.16111676408277
"3199","XOMA",0.501959176230839
"3200","XPER",0.247286451870008
"3201","XSPA",0.402981725499114
"3202","XTLB",0.639974182878787
"3203","XNET",0.695323563412378
"3204","YNDX",0.261580713673124
"3205","YRIV Opt_Error",0
"3206","YTRA",0.197014923691077
"3207","YTEN",0.547184413836398
"3208","YIN Opt_Error",0
"3209","YMAB",0.104001483428572
"3210","YOGA Opt_Error",0
"3211","YGYI",0.491949957129953
"3212","YRCW",0.662433970909908
"3213","YECO",4.94916623269219
"3214","YY",0.360344803408864
"3215","ZFGN",0.46304921031309
"3216","ZAGG",0.344323657700262
"3217","ZLAB",0.297433499158047
"3218","ZEAL",0.279233754175862
"3219","ZBRA",0.215577546470275
"3220","Z",0.303604050513335
"3221","ZG",0.291847646856692
"3222","ZN",0.388484112504156
"3223","ZION",0.280749231036117
"3224","ZIOP",0.545554194749538
"3225","ZIXI",0.332313148802789
"3226","ZKIN Opt_Error",0
"3227","ZGNX",0.572394312479282
"3228","ZSAN",0.765503408480853
"3229","ZS",0.256615982775963
"3230","ZUMZ",0.289784553793788
"3231","ZYNE",0.568907095379206
"3232","ZNGA",0.255890778215286
